Timestamp,Input Text,Sentiment,Confidence Score
2024-12-18 11:58:51.625181,To do is a good day to learn python.,POSITIVE,1.00
2024-12-18 13:00:54.154376,My ass hurts.,NEGATIVE,1.00
2024-12-18 13:05:28.871527,Does a dog have Buddha nature?,NEGATIVE,0.99
2024-12-18 13:05:53.427439,My dog wags his tail!,NEGATIVE,0.61
2024-12-18 13:06:16.519559,The happy man is never angry.,POSITIVE,1.00
2024-12-18 13:06:26.309643,The angry man is never happy.,NEGATIVE,1.00
2024-11-24 17:45:18,Mock text 1 with sentiment POSITIVE,POSITIVE,0.86
2024-12-12 08:16:49,Mock text 2 with sentiment POSITIVE,NEGATIVE,0.71
2024-12-16 12:19:11,Mock text 3 with sentiment NEGATIVE,NEGATIVE,0.91
2024-11-29 07:22:08,Mock text 4 with sentiment NEUTRAL,NEGATIVE,0.73
2024-12-15 01:22:24,Mock text 5 with sentiment NEGATIVE,NEGATIVE,0.99
2024-11-22 02:41:51,Mock text 6 with sentiment NEGATIVE,NEGATIVE,0.97
2024-11-24 02:42:35,Mock text 7 with sentiment POSITIVE,POSITIVE,0.96
2024-12-12 15:41:17,Mock text 8 with sentiment NEGATIVE,NEUTRAL,0.78
2024-12-06 09:48:57,Mock text 9 with sentiment NEUTRAL,NEGATIVE,0.8
2024-11-28 23:36:24,Mock text 10 with sentiment NEUTRAL,NEGATIVE,0.94
2024-12-06 02:25:46,Mock text 11 with sentiment NEGATIVE,NEUTRAL,0.73
2024-12-08 02:35:44,Mock text 12 with sentiment NEUTRAL,NEGATIVE,0.97
2024-11-25 08:26:43,Mock text 13 with sentiment NEGATIVE,NEUTRAL,0.8
2024-11-22 02:26:00,Mock text 14 with sentiment NEGATIVE,POSITIVE,0.98
2024-11-22 01:49:30,Mock text 15 with sentiment POSITIVE,POSITIVE,0.93
2024-12-11 11:01:32,Mock text 16 with sentiment NEGATIVE,NEUTRAL,0.87
2024-11-27 06:48:08,Mock text 17 with sentiment POSITIVE,NEUTRAL,0.94
2024-11-22 15:15:33,Mock text 18 with sentiment NEGATIVE,NEUTRAL,0.72
2024-12-12 15:51:34,Mock text 19 with sentiment NEUTRAL,NEUTRAL,0.87
2024-12-15 22:09:08,Mock text 20 with sentiment NEGATIVE,NEUTRAL,0.86
2024-11-29 02:56:01,Mock text 21 with sentiment POSITIVE,NEGATIVE,0.99
2024-11-25 23:36:05,Mock text 22 with sentiment NEUTRAL,POSITIVE,0.75
2024-12-15 22:13:40,Mock text 23 with sentiment NEUTRAL,POSITIVE,0.76
2024-12-18 09:40:07,Mock text 24 with sentiment NEGATIVE,POSITIVE,0.72
2024-12-01 09:06:17,Mock text 25 with sentiment NEUTRAL,POSITIVE,0.92
2024-12-16 12:08:56,Mock text 26 with sentiment NEUTRAL,POSITIVE,0.83
2024-12-18 13:29:49,Mock text 27 with sentiment NEUTRAL,NEUTRAL,0.8
2024-12-10 20:00:05,Mock text 28 with sentiment POSITIVE,NEUTRAL,0.96
2024-12-02 15:37:01,Mock text 29 with sentiment NEUTRAL,NEUTRAL,0.81
2024-12-05 12:52:43,Mock text 30 with sentiment NEUTRAL,NEUTRAL,0.71
2024-12-06 15:39:06,Mock text 31 with sentiment NEUTRAL,POSITIVE,0.97
2024-12-01 18:51:25,Mock text 32 with sentiment POSITIVE,NEGATIVE,0.83
2024-12-07 03:22:15,Mock text 33 with sentiment NEGATIVE,POSITIVE,0.89
2024-11-25 04:40:26,Mock text 34 with sentiment NEUTRAL,POSITIVE,0.87
2024-12-18 06:11:12,Mock text 35 with sentiment NEUTRAL,POSITIVE,0.89
2024-11-27 02:19:50,Mock text 36 with sentiment POSITIVE,POSITIVE,0.9
2024-11-25 09:16:28,Mock text 37 with sentiment NEUTRAL,NEUTRAL,0.97
2024-12-15 13:08:04,Mock text 38 with sentiment POSITIVE,POSITIVE,0.75
2024-12-10 08:13:41,Mock text 39 with sentiment NEUTRAL,NEUTRAL,0.87
2024-11-24 18:25:38,Mock text 40 with sentiment NEUTRAL,NEGATIVE,0.73
2024-11-24 01:07:38,Mock text 41 with sentiment NEGATIVE,POSITIVE,0.94
2024-11-23 20:10:22,Mock text 42 with sentiment NEGATIVE,POSITIVE,0.97
2024-12-15 17:40:31,Mock text 43 with sentiment NEGATIVE,POSITIVE,0.73
2024-12-15 19:06:47,Mock text 44 with sentiment NEUTRAL,POSITIVE,0.78
2024-11-24 12:32:54,Mock text 45 with sentiment POSITIVE,NEUTRAL,0.99
2024-11-24 16:26:26,Mock text 46 with sentiment NEUTRAL,POSITIVE,0.87
2024-12-10 03:59:46,Mock text 47 with sentiment NEGATIVE,NEUTRAL,0.97
2024-12-18 23:41:39,Mock text 48 with sentiment NEGATIVE,NEUTRAL,0.76
2024-12-04 09:26:50,Mock text 49 with sentiment NEGATIVE,NEUTRAL,0.76
2024-12-18 05:49:26,Mock text 50 with sentiment POSITIVE,NEGATIVE,0.99
2024-12-01 19:49:34,Mock text 51 with sentiment NEGATIVE,NEGATIVE,0.95
2024-12-05 01:57:04,Mock text 52 with sentiment NEUTRAL,NEUTRAL,0.88
2024-11-21 19:30:20,Mock text 53 with sentiment NEUTRAL,POSITIVE,0.78
2024-11-28 06:20:05,Mock text 54 with sentiment POSITIVE,NEGATIVE,0.75
2024-11-27 22:59:14,Mock text 55 with sentiment POSITIVE,NEUTRAL,0.74
2024-11-23 08:33:02,Mock text 56 with sentiment NEGATIVE,POSITIVE,0.97
2024-11-24 10:32:28,Mock text 57 with sentiment NEGATIVE,NEUTRAL,0.96
2024-12-13 09:37:46,Mock text 58 with sentiment NEGATIVE,POSITIVE,0.71
2024-11-24 23:19:14,Mock text 59 with sentiment NEUTRAL,POSITIVE,0.81
2024-12-14 22:42:40,Mock text 60 with sentiment POSITIVE,NEGATIVE,0.87
2024-11-21 09:05:13,Mock text 61 with sentiment NEGATIVE,NEUTRAL,0.8
2024-11-23 19:09:24,Mock text 62 with sentiment POSITIVE,NEGATIVE,0.88
2024-11-23 18:44:02,Mock text 63 with sentiment NEUTRAL,NEGATIVE,0.99
2024-11-19 18:40:27,Mock text 64 with sentiment NEGATIVE,POSITIVE,0.9
2024-11-23 11:11:40,Mock text 65 with sentiment NEGATIVE,NEUTRAL,0.88
2024-12-07 21:41:03,Mock text 66 with sentiment POSITIVE,NEGATIVE,0.75
2024-12-02 00:34:35,Mock text 67 with sentiment POSITIVE,NEUTRAL,0.9
2024-11-21 21:52:16,Mock text 68 with sentiment POSITIVE,NEGATIVE,0.85
2024-11-30 01:36:32,Mock text 69 with sentiment POSITIVE,POSITIVE,0.71
2024-11-28 06:04:39,Mock text 70 with sentiment POSITIVE,NEGATIVE,0.73
2024-12-17 20:59:43,Mock text 71 with sentiment NEGATIVE,POSITIVE,0.85
2024-11-23 09:17:26,Mock text 72 with sentiment NEUTRAL,POSITIVE,0.88
2024-12-07 13:56:01,Mock text 73 with sentiment NEUTRAL,NEUTRAL,0.81
2024-12-12 10:35:30,Mock text 74 with sentiment NEGATIVE,NEUTRAL,0.91
2024-11-21 04:11:49,Mock text 75 with sentiment NEGATIVE,NEUTRAL,0.79
2024-11-20 14:46:45,Mock text 76 with sentiment POSITIVE,POSITIVE,0.86
2024-12-08 17:14:18,Mock text 77 with sentiment POSITIVE,NEUTRAL,0.87
2024-11-24 15:52:44,Mock text 78 with sentiment NEUTRAL,NEUTRAL,0.99
2024-11-20 17:32:23,Mock text 79 with sentiment NEGATIVE,POSITIVE,0.95
2024-11-25 06:01:29,Mock text 80 with sentiment NEUTRAL,NEGATIVE,0.76
2024-11-29 17:30:04,Mock text 81 with sentiment NEGATIVE,NEGATIVE,0.81
2024-11-20 16:35:27,Mock text 82 with sentiment NEGATIVE,NEUTRAL,0.98
2024-11-21 14:05:12,Mock text 83 with sentiment POSITIVE,NEGATIVE,0.98
2024-11-19 23:41:42,Mock text 84 with sentiment NEGATIVE,NEGATIVE,0.72
2024-11-28 09:57:43,Mock text 85 with sentiment NEGATIVE,POSITIVE,0.74
2024-12-09 23:13:10,Mock text 86 with sentiment NEGATIVE,POSITIVE,0.74
2024-11-26 02:11:30,Mock text 87 with sentiment NEGATIVE,NEGATIVE,0.79
2024-11-26 04:40:05,Mock text 88 with sentiment NEGATIVE,NEGATIVE,0.87
2024-12-03 11:13:20,Mock text 89 with sentiment NEGATIVE,NEUTRAL,0.85
2024-12-09 00:16:40,Mock text 90 with sentiment POSITIVE,POSITIVE,0.7
2024-12-14 02:05:57,Mock text 91 with sentiment NEUTRAL,NEUTRAL,0.88
2024-12-14 14:49:16,Mock text 92 with sentiment NEUTRAL,NEGATIVE,0.92
2024-12-16 02:02:38,Mock text 93 with sentiment NEGATIVE,NEUTRAL,0.74
2024-11-23 01:22:37,Mock text 94 with sentiment NEGATIVE,POSITIVE,0.96
2024-11-22 09:31:49,Mock text 95 with sentiment NEUTRAL,NEUTRAL,0.88
2024-12-07 10:23:49,Mock text 96 with sentiment NEUTRAL,NEGATIVE,0.87
2024-11-24 16:37:35,Mock text 97 with sentiment POSITIVE,NEUTRAL,0.7
2024-12-03 22:55:22,Mock text 98 with sentiment NEUTRAL,POSITIVE,1.0
2024-12-15 14:48:10,Mock text 99 with sentiment NEUTRAL,NEGATIVE,0.72
2024-12-06 05:47:12,Mock text 100 with sentiment NEGATIVE,POSITIVE,0.83
2024-01-01 20:14:00,Mock text for 2024-01-01,NEGATIVE,0.95
2024-01-01 13:15:00,Mock text for 2024-01-01,POSITIVE,0.81
2024-01-01 05:43:00,Mock text for 2024-01-01,NEGATIVE,0.81
2024-01-01 01:53:00,Mock text for 2024-01-01,NEGATIVE,0.72
2024-01-01 20:39:00,Mock text for 2024-01-01,NEGATIVE,0.85
2024-01-01 15:09:00,Mock text for 2024-01-01,NEGATIVE,0.82
2024-01-02 01:44:00,Mock text for 2024-01-02,POSITIVE,0.83
2024-01-02 02:56:00,Mock text for 2024-01-02,POSITIVE,0.76
2024-01-02 09:01:00,Mock text for 2024-01-02,POSITIVE,0.91
2024-01-03 10:46:00,Mock text for 2024-01-03,NEGATIVE,0.82
2024-01-03 13:47:00,Mock text for 2024-01-03,NEUTRAL,0.73
2024-01-03 21:23:00,Mock text for 2024-01-03,POSITIVE,0.81
2024-01-03 03:18:00,Mock text for 2024-01-03,POSITIVE,0.92
2024-01-03 08:26:00,Mock text for 2024-01-03,NEGATIVE,0.95
2024-01-03 08:53:00,Mock text for 2024-01-03,NEGATIVE,0.71
2024-01-04 07:40:00,Mock text for 2024-01-04,NEGATIVE,0.9
2024-01-04 00:15:00,Mock text for 2024-01-04,NEUTRAL,0.87
2024-01-04 21:16:00,Mock text for 2024-01-04,POSITIVE,0.97
2024-01-04 19:39:00,Mock text for 2024-01-04,NEGATIVE,0.9
2024-01-05 17:54:00,Mock text for 2024-01-05,NEUTRAL,0.93
2024-01-05 20:43:00,Mock text for 2024-01-05,NEUTRAL,0.77
2024-01-05 13:59:00,Mock text for 2024-01-05,NEGATIVE,0.8
2024-01-05 02:25:00,Mock text for 2024-01-05,POSITIVE,0.71
2024-01-05 15:59:00,Mock text for 2024-01-05,POSITIVE,0.79
2024-01-05 15:55:00,Mock text for 2024-01-05,NEUTRAL,0.88
2024-01-06 18:28:00,Mock text for 2024-01-06,NEGATIVE,0.91
2024-01-06 05:53:00,Mock text for 2024-01-06,NEUTRAL,1.0
2024-01-06 09:30:00,Mock text for 2024-01-06,NEGATIVE,0.86
2024-01-06 17:19:00,Mock text for 2024-01-06,NEUTRAL,0.87
2024-01-06 17:57:00,Mock text for 2024-01-06,POSITIVE,0.83
2024-01-07 07:27:00,Mock text for 2024-01-07,NEGATIVE,1.0
2024-01-07 11:23:00,Mock text for 2024-01-07,NEGATIVE,0.89
2024-01-07 11:21:00,Mock text for 2024-01-07,NEGATIVE,0.71
2024-01-07 13:49:00,Mock text for 2024-01-07,NEGATIVE,0.77
2024-01-07 11:46:00,Mock text for 2024-01-07,POSITIVE,0.94
2024-01-07 09:51:00,Mock text for 2024-01-07,NEUTRAL,0.77
2024-01-08 16:32:00,Mock text for 2024-01-08,NEUTRAL,0.97
2024-01-08 12:39:00,Mock text for 2024-01-08,NEGATIVE,0.84
2024-01-08 13:32:00,Mock text for 2024-01-08,POSITIVE,0.84
2024-01-08 16:51:00,Mock text for 2024-01-08,NEGATIVE,0.83
2024-01-08 02:30:00,Mock text for 2024-01-08,POSITIVE,0.84
2024-01-08 09:17:00,Mock text for 2024-01-08,POSITIVE,0.82
2024-01-09 19:57:00,Mock text for 2024-01-09,POSITIVE,0.84
2024-01-09 18:49:00,Mock text for 2024-01-09,NEUTRAL,0.97
2024-01-09 06:28:00,Mock text for 2024-01-09,NEUTRAL,0.86
2024-01-09 01:37:00,Mock text for 2024-01-09,POSITIVE,0.88
2024-01-09 22:20:00,Mock text for 2024-01-09,POSITIVE,0.87
2024-01-09 08:29:00,Mock text for 2024-01-09,POSITIVE,0.79
2024-01-09 12:13:00,Mock text for 2024-01-09,NEGATIVE,0.74
2024-01-10 02:23:00,Mock text for 2024-01-10,POSITIVE,0.71
2024-01-10 18:36:00,Mock text for 2024-01-10,NEUTRAL,0.89
2024-01-10 01:31:00,Mock text for 2024-01-10,NEUTRAL,0.92
2024-01-10 18:00:00,Mock text for 2024-01-10,NEGATIVE,0.95
2024-01-10 20:22:00,Mock text for 2024-01-10,NEUTRAL,0.88
2024-01-10 20:49:00,Mock text for 2024-01-10,NEUTRAL,0.98
2024-01-11 01:01:00,Mock text for 2024-01-11,NEGATIVE,0.93
2024-01-11 17:47:00,Mock text for 2024-01-11,NEGATIVE,0.81
2024-01-11 05:40:00,Mock text for 2024-01-11,POSITIVE,0.87
2024-01-12 01:12:00,Mock text for 2024-01-12,NEUTRAL,0.82
2024-01-12 20:06:00,Mock text for 2024-01-12,POSITIVE,0.98
2024-01-12 13:48:00,Mock text for 2024-01-12,POSITIVE,0.98
2024-01-12 04:30:00,Mock text for 2024-01-12,POSITIVE,0.96
2024-01-12 06:18:00,Mock text for 2024-01-12,NEGATIVE,0.99
2024-01-12 19:42:00,Mock text for 2024-01-12,NEUTRAL,0.98
2024-01-13 01:56:00,Mock text for 2024-01-13,NEGATIVE,0.85
2024-01-13 10:55:00,Mock text for 2024-01-13,POSITIVE,0.98
2024-01-13 17:00:00,Mock text for 2024-01-13,NEGATIVE,0.86
2024-01-13 09:57:00,Mock text for 2024-01-13,POSITIVE,0.96
2024-01-13 05:47:00,Mock text for 2024-01-13,NEGATIVE,0.95
2024-01-14 03:59:00,Mock text for 2024-01-14,POSITIVE,0.95
2024-01-14 18:52:00,Mock text for 2024-01-14,NEGATIVE,0.73
2024-01-14 20:42:00,Mock text for 2024-01-14,NEGATIVE,0.87
2024-01-14 09:01:00,Mock text for 2024-01-14,POSITIVE,0.94
2024-01-14 12:45:00,Mock text for 2024-01-14,NEUTRAL,0.78
2024-01-14 01:31:00,Mock text for 2024-01-14,NEGATIVE,0.72
2024-01-14 13:10:00,Mock text for 2024-01-14,NEUTRAL,0.9
2024-01-15 08:21:00,Mock text for 2024-01-15,NEGATIVE,0.8
2024-01-15 16:47:00,Mock text for 2024-01-15,NEGATIVE,0.9
2024-01-15 19:25:00,Mock text for 2024-01-15,NEUTRAL,0.8
2024-01-15 06:22:00,Mock text for 2024-01-15,NEGATIVE,0.97
2024-01-16 20:52:00,Mock text for 2024-01-16,NEUTRAL,0.91
2024-01-16 15:27:00,Mock text for 2024-01-16,NEUTRAL,0.96
2024-01-16 14:52:00,Mock text for 2024-01-16,NEGATIVE,0.88
2024-01-16 04:53:00,Mock text for 2024-01-16,NEGATIVE,0.82
2024-01-16 20:03:00,Mock text for 2024-01-16,NEUTRAL,0.77
2024-01-16 23:43:00,Mock text for 2024-01-16,NEUTRAL,0.71
2024-01-16 22:31:00,Mock text for 2024-01-16,NEGATIVE,0.7
2024-01-17 07:58:00,Mock text for 2024-01-17,NEUTRAL,0.89
2024-01-17 19:30:00,Mock text for 2024-01-17,NEUTRAL,0.97
2024-01-17 16:36:00,Mock text for 2024-01-17,NEUTRAL,0.91
2024-01-18 10:48:00,Mock text for 2024-01-18,POSITIVE,0.71
2024-01-18 22:48:00,Mock text for 2024-01-18,NEUTRAL,0.96
2024-01-18 07:30:00,Mock text for 2024-01-18,POSITIVE,0.73
2024-01-18 12:43:00,Mock text for 2024-01-18,NEUTRAL,0.95
2024-01-18 16:44:00,Mock text for 2024-01-18,NEGATIVE,0.76
2024-01-18 12:36:00,Mock text for 2024-01-18,NEUTRAL,0.96
2024-01-18 06:07:00,Mock text for 2024-01-18,NEUTRAL,0.98
2024-01-19 07:15:00,Mock text for 2024-01-19,NEGATIVE,0.82
2024-01-19 19:14:00,Mock text for 2024-01-19,POSITIVE,0.95
2024-01-19 16:11:00,Mock text for 2024-01-19,NEUTRAL,0.82
2024-01-19 16:36:00,Mock text for 2024-01-19,NEUTRAL,0.93
2024-01-19 17:57:00,Mock text for 2024-01-19,POSITIVE,0.79
2024-01-19 20:35:00,Mock text for 2024-01-19,NEUTRAL,1.0
2024-01-19 21:17:00,Mock text for 2024-01-19,NEGATIVE,0.8
2024-01-20 11:44:00,Mock text for 2024-01-20,NEUTRAL,0.97
2024-01-20 05:36:00,Mock text for 2024-01-20,NEUTRAL,0.71
2024-01-20 21:03:00,Mock text for 2024-01-20,NEUTRAL,0.98
2024-01-20 09:06:00,Mock text for 2024-01-20,NEUTRAL,0.71
2024-01-20 20:30:00,Mock text for 2024-01-20,NEUTRAL,0.73
2024-01-20 07:29:00,Mock text for 2024-01-20,POSITIVE,0.97
2024-01-21 09:19:00,Mock text for 2024-01-21,NEUTRAL,0.87
2024-01-21 00:00:00,Mock text for 2024-01-21,NEUTRAL,0.73
2024-01-21 23:29:00,Mock text for 2024-01-21,NEGATIVE,0.71
2024-01-21 06:12:00,Mock text for 2024-01-21,POSITIVE,0.76
2024-01-21 18:09:00,Mock text for 2024-01-21,NEUTRAL,0.76
2024-01-22 06:41:00,Mock text for 2024-01-22,NEGATIVE,0.9
2024-01-22 23:48:00,Mock text for 2024-01-22,NEGATIVE,0.71
2024-01-22 05:36:00,Mock text for 2024-01-22,POSITIVE,0.72
2024-01-22 02:15:00,Mock text for 2024-01-22,NEUTRAL,0.71
2024-01-22 14:09:00,Mock text for 2024-01-22,POSITIVE,0.8
2024-01-22 02:58:00,Mock text for 2024-01-22,NEGATIVE,0.81
2024-01-22 06:10:00,Mock text for 2024-01-22,POSITIVE,0.71
2024-01-23 20:34:00,Mock text for 2024-01-23,POSITIVE,0.88
2024-01-23 17:26:00,Mock text for 2024-01-23,NEUTRAL,0.92
2024-01-23 16:19:00,Mock text for 2024-01-23,NEGATIVE,0.78
2024-01-23 07:55:00,Mock text for 2024-01-23,NEGATIVE,0.96
2024-01-23 00:04:00,Mock text for 2024-01-23,NEUTRAL,0.96
2024-01-23 18:09:00,Mock text for 2024-01-23,POSITIVE,0.82
2024-01-24 13:14:00,Mock text for 2024-01-24,POSITIVE,0.74
2024-01-24 10:08:00,Mock text for 2024-01-24,POSITIVE,0.96
2024-01-24 17:52:00,Mock text for 2024-01-24,NEGATIVE,0.96
2024-01-24 03:23:00,Mock text for 2024-01-24,NEGATIVE,0.82
2024-01-24 20:03:00,Mock text for 2024-01-24,NEGATIVE,0.93
2024-01-24 19:24:00,Mock text for 2024-01-24,NEUTRAL,0.96
2024-01-25 01:22:00,Mock text for 2024-01-25,POSITIVE,0.8
2024-01-25 02:42:00,Mock text for 2024-01-25,NEGATIVE,0.95
2024-01-25 18:54:00,Mock text for 2024-01-25,POSITIVE,0.76
2024-01-26 09:19:00,Mock text for 2024-01-26,NEUTRAL,0.92
2024-01-26 14:10:00,Mock text for 2024-01-26,NEUTRAL,0.78
2024-01-26 16:03:00,Mock text for 2024-01-26,POSITIVE,0.73
2024-01-26 16:28:00,Mock text for 2024-01-26,NEUTRAL,0.78
2024-01-27 02:12:00,Mock text for 2024-01-27,POSITIVE,0.96
2024-01-27 16:03:00,Mock text for 2024-01-27,POSITIVE,0.88
2024-01-27 05:53:00,Mock text for 2024-01-27,POSITIVE,0.74
2024-01-27 19:47:00,Mock text for 2024-01-27,POSITIVE,0.78
2024-01-27 09:51:00,Mock text for 2024-01-27,NEUTRAL,0.86
2024-01-27 14:41:00,Mock text for 2024-01-27,NEGATIVE,0.86
2024-01-27 12:59:00,Mock text for 2024-01-27,POSITIVE,0.9
2024-01-28 18:02:00,Mock text for 2024-01-28,NEGATIVE,0.98
2024-01-28 22:28:00,Mock text for 2024-01-28,POSITIVE,0.94
2024-01-28 19:38:00,Mock text for 2024-01-28,NEGATIVE,0.79
2024-01-28 10:10:00,Mock text for 2024-01-28,POSITIVE,0.8
2024-01-29 05:38:00,Mock text for 2024-01-29,NEUTRAL,0.98
2024-01-29 08:06:00,Mock text for 2024-01-29,NEUTRAL,0.9
2024-01-29 02:44:00,Mock text for 2024-01-29,POSITIVE,0.74
2024-01-29 16:21:00,Mock text for 2024-01-29,POSITIVE,0.97
2024-01-30 07:32:00,Mock text for 2024-01-30,POSITIVE,0.83
2024-01-30 01:32:00,Mock text for 2024-01-30,NEUTRAL,0.72
2024-01-30 08:34:00,Mock text for 2024-01-30,NEUTRAL,0.77
2024-01-30 01:07:00,Mock text for 2024-01-30,POSITIVE,0.98
2024-01-30 08:26:00,Mock text for 2024-01-30,POSITIVE,0.72
2024-01-30 12:16:00,Mock text for 2024-01-30,NEGATIVE,0.88
2024-01-30 16:51:00,Mock text for 2024-01-30,NEUTRAL,0.74
2024-01-31 06:02:00,Mock text for 2024-01-31,NEGATIVE,0.91
2024-01-31 13:15:00,Mock text for 2024-01-31,NEGATIVE,0.85
2024-01-31 10:04:00,Mock text for 2024-01-31,POSITIVE,0.73
2024-01-31 07:11:00,Mock text for 2024-01-31,POSITIVE,0.72
2024-01-31 12:14:00,Mock text for 2024-01-31,NEGATIVE,0.96
2024-01-31 22:00:00,Mock text for 2024-01-31,NEGATIVE,0.88
2024-02-01 06:41:00,Mock text for 2024-02-01,POSITIVE,0.87
2024-02-01 06:27:00,Mock text for 2024-02-01,NEGATIVE,0.93
2024-02-01 13:57:00,Mock text for 2024-02-01,POSITIVE,0.79
2024-02-01 14:41:00,Mock text for 2024-02-01,NEGATIVE,0.71
2024-02-01 09:07:00,Mock text for 2024-02-01,POSITIVE,0.78
2024-02-01 14:33:00,Mock text for 2024-02-01,NEGATIVE,0.91
2024-02-01 22:29:00,Mock text for 2024-02-01,POSITIVE,0.86
2024-02-02 06:59:00,Mock text for 2024-02-02,NEUTRAL,0.74
2024-02-02 02:20:00,Mock text for 2024-02-02,NEUTRAL,0.94
2024-02-02 23:02:00,Mock text for 2024-02-02,POSITIVE,0.89
2024-02-02 10:06:00,Mock text for 2024-02-02,NEGATIVE,0.96
2024-02-02 13:38:00,Mock text for 2024-02-02,NEUTRAL,0.78
2024-02-02 03:55:00,Mock text for 2024-02-02,NEUTRAL,0.99
2024-02-02 02:54:00,Mock text for 2024-02-02,NEUTRAL,0.72
2024-02-03 10:32:00,Mock text for 2024-02-03,NEUTRAL,0.97
2024-02-03 13:46:00,Mock text for 2024-02-03,POSITIVE,0.74
2024-02-03 14:57:00,Mock text for 2024-02-03,NEGATIVE,0.71
2024-02-04 03:37:00,Mock text for 2024-02-04,POSITIVE,0.93
2024-02-04 06:21:00,Mock text for 2024-02-04,POSITIVE,0.73
2024-02-04 16:59:00,Mock text for 2024-02-04,NEGATIVE,0.85
2024-02-04 18:14:00,Mock text for 2024-02-04,NEUTRAL,0.88
2024-02-04 00:18:00,Mock text for 2024-02-04,NEUTRAL,0.93
2024-02-04 20:51:00,Mock text for 2024-02-04,NEGATIVE,0.94
2024-02-05 22:57:00,Mock text for 2024-02-05,NEGATIVE,0.96
2024-02-05 04:01:00,Mock text for 2024-02-05,NEUTRAL,0.9
2024-02-05 21:38:00,Mock text for 2024-02-05,NEGATIVE,0.71
2024-02-05 00:01:00,Mock text for 2024-02-05,NEUTRAL,0.74
2024-02-05 08:35:00,Mock text for 2024-02-05,NEGATIVE,0.73
2024-02-06 15:02:00,Mock text for 2024-02-06,POSITIVE,0.84
2024-02-06 05:20:00,Mock text for 2024-02-06,NEGATIVE,0.93
2024-02-06 16:13:00,Mock text for 2024-02-06,NEGATIVE,0.98
2024-02-06 05:06:00,Mock text for 2024-02-06,POSITIVE,0.9
2024-02-06 04:12:00,Mock text for 2024-02-06,NEGATIVE,0.75
2024-02-06 02:48:00,Mock text for 2024-02-06,NEUTRAL,0.84
2024-02-07 14:36:00,Mock text for 2024-02-07,POSITIVE,0.72
2024-02-07 23:33:00,Mock text for 2024-02-07,POSITIVE,0.97
2024-02-07 15:34:00,Mock text for 2024-02-07,NEUTRAL,0.9
2024-02-07 03:06:00,Mock text for 2024-02-07,NEUTRAL,0.82
2024-02-07 09:42:00,Mock text for 2024-02-07,NEGATIVE,0.84
2024-02-08 16:26:00,Mock text for 2024-02-08,NEGATIVE,0.78
2024-02-08 08:07:00,Mock text for 2024-02-08,POSITIVE,0.91
2024-02-08 07:42:00,Mock text for 2024-02-08,NEUTRAL,0.91
2024-02-08 04:56:00,Mock text for 2024-02-08,POSITIVE,0.82
2024-02-08 03:34:00,Mock text for 2024-02-08,NEGATIVE,0.81
2024-02-09 04:21:00,Mock text for 2024-02-09,NEGATIVE,0.73
2024-02-09 05:52:00,Mock text for 2024-02-09,NEUTRAL,0.91
2024-02-09 00:19:00,Mock text for 2024-02-09,NEUTRAL,0.85
2024-02-09 22:10:00,Mock text for 2024-02-09,POSITIVE,0.75
2024-02-09 22:38:00,Mock text for 2024-02-09,POSITIVE,0.75
2024-02-09 05:56:00,Mock text for 2024-02-09,NEGATIVE,0.78
2024-02-09 06:15:00,Mock text for 2024-02-09,POSITIVE,0.77
2024-02-10 15:25:00,Mock text for 2024-02-10,NEGATIVE,0.92
2024-02-10 05:59:00,Mock text for 2024-02-10,POSITIVE,0.71
2024-02-10 19:51:00,Mock text for 2024-02-10,POSITIVE,0.83
2024-02-10 18:45:00,Mock text for 2024-02-10,NEGATIVE,0.73
2024-02-10 04:54:00,Mock text for 2024-02-10,POSITIVE,0.96
2024-02-10 10:34:00,Mock text for 2024-02-10,POSITIVE,0.71
2024-02-11 06:24:00,Mock text for 2024-02-11,POSITIVE,0.84
2024-02-11 01:36:00,Mock text for 2024-02-11,NEGATIVE,0.71
2024-02-11 04:47:00,Mock text for 2024-02-11,NEGATIVE,0.81
2024-02-12 13:38:00,Mock text for 2024-02-12,NEUTRAL,0.72
2024-02-12 19:43:00,Mock text for 2024-02-12,POSITIVE,0.95
2024-02-12 07:17:00,Mock text for 2024-02-12,NEUTRAL,0.96
2024-02-13 23:24:00,Mock text for 2024-02-13,POSITIVE,0.85
2024-02-13 06:33:00,Mock text for 2024-02-13,NEGATIVE,0.93
2024-02-13 19:02:00,Mock text for 2024-02-13,NEUTRAL,0.92
2024-02-13 18:04:00,Mock text for 2024-02-13,NEGATIVE,0.92
2024-02-13 00:47:00,Mock text for 2024-02-13,NEUTRAL,0.82
2024-02-14 04:52:00,Mock text for 2024-02-14,POSITIVE,0.72
2024-02-14 16:41:00,Mock text for 2024-02-14,NEGATIVE,0.75
2024-02-14 21:05:00,Mock text for 2024-02-14,POSITIVE,0.92
2024-02-14 07:41:00,Mock text for 2024-02-14,NEGATIVE,0.9
2024-02-14 15:03:00,Mock text for 2024-02-14,NEGATIVE,0.97
2024-02-14 20:21:00,Mock text for 2024-02-14,NEGATIVE,0.9
2024-02-15 17:35:00,Mock text for 2024-02-15,POSITIVE,0.88
2024-02-15 06:15:00,Mock text for 2024-02-15,POSITIVE,0.94
2024-02-15 21:26:00,Mock text for 2024-02-15,NEUTRAL,0.81
2024-02-15 11:42:00,Mock text for 2024-02-15,NEGATIVE,0.97
2024-02-15 17:01:00,Mock text for 2024-02-15,NEGATIVE,0.95
2024-02-15 22:50:00,Mock text for 2024-02-15,NEGATIVE,0.88
2024-02-15 05:45:00,Mock text for 2024-02-15,NEGATIVE,0.87
2024-02-16 09:35:00,Mock text for 2024-02-16,NEGATIVE,0.72
2024-02-16 21:02:00,Mock text for 2024-02-16,NEGATIVE,0.73
2024-02-16 21:13:00,Mock text for 2024-02-16,NEUTRAL,0.82
2024-02-16 03:14:00,Mock text for 2024-02-16,POSITIVE,0.86
2024-02-16 17:55:00,Mock text for 2024-02-16,POSITIVE,0.8
2024-02-16 06:58:00,Mock text for 2024-02-16,NEGATIVE,0.74
2024-02-17 17:32:00,Mock text for 2024-02-17,NEGATIVE,0.98
2024-02-17 16:25:00,Mock text for 2024-02-17,NEGATIVE,0.95
2024-02-17 00:17:00,Mock text for 2024-02-17,NEUTRAL,0.81
2024-02-17 10:21:00,Mock text for 2024-02-17,NEUTRAL,0.71
2024-02-17 19:45:00,Mock text for 2024-02-17,NEGATIVE,0.81
2024-02-17 04:39:00,Mock text for 2024-02-17,NEGATIVE,0.94
2024-02-17 11:11:00,Mock text for 2024-02-17,NEUTRAL,0.94
2024-02-18 16:43:00,Mock text for 2024-02-18,NEUTRAL,0.76
2024-02-18 06:41:00,Mock text for 2024-02-18,NEGATIVE,0.82
2024-02-18 05:07:00,Mock text for 2024-02-18,POSITIVE,0.88
2024-02-18 10:41:00,Mock text for 2024-02-18,NEGATIVE,0.73
2024-02-18 21:57:00,Mock text for 2024-02-18,POSITIVE,0.96
2024-02-19 22:06:00,Mock text for 2024-02-19,POSITIVE,0.78
2024-02-19 18:11:00,Mock text for 2024-02-19,POSITIVE,0.73
2024-02-19 11:55:00,Mock text for 2024-02-19,NEGATIVE,0.91
2024-02-19 05:10:00,Mock text for 2024-02-19,NEGATIVE,0.87
2024-02-20 14:13:00,Mock text for 2024-02-20,POSITIVE,0.78
2024-02-20 05:56:00,Mock text for 2024-02-20,POSITIVE,0.93
2024-02-20 07:09:00,Mock text for 2024-02-20,POSITIVE,0.76
2024-02-20 13:29:00,Mock text for 2024-02-20,NEUTRAL,0.78
2024-02-20 05:29:00,Mock text for 2024-02-20,NEGATIVE,0.96
2024-02-20 06:27:00,Mock text for 2024-02-20,NEGATIVE,0.77
2024-02-21 00:41:00,Mock text for 2024-02-21,NEUTRAL,0.98
2024-02-21 20:51:00,Mock text for 2024-02-21,NEGATIVE,0.85
2024-02-21 23:16:00,Mock text for 2024-02-21,NEUTRAL,0.95
2024-02-22 00:41:00,Mock text for 2024-02-22,POSITIVE,0.82
2024-02-22 09:32:00,Mock text for 2024-02-22,NEGATIVE,1.0
2024-02-22 09:03:00,Mock text for 2024-02-22,NEGATIVE,0.91
2024-02-23 13:14:00,Mock text for 2024-02-23,POSITIVE,0.82
2024-02-23 17:27:00,Mock text for 2024-02-23,NEUTRAL,0.86
2024-02-23 01:23:00,Mock text for 2024-02-23,NEGATIVE,0.77
2024-02-23 02:23:00,Mock text for 2024-02-23,NEUTRAL,0.82
2024-02-24 09:30:00,Mock text for 2024-02-24,NEGATIVE,0.72
2024-02-24 19:03:00,Mock text for 2024-02-24,NEGATIVE,0.83
2024-02-24 06:40:00,Mock text for 2024-02-24,POSITIVE,0.84
2024-02-24 05:40:00,Mock text for 2024-02-24,NEGATIVE,0.94
2024-02-24 12:31:00,Mock text for 2024-02-24,POSITIVE,0.91
2024-02-25 15:45:00,Mock text for 2024-02-25,POSITIVE,0.79
2024-02-25 09:45:00,Mock text for 2024-02-25,NEGATIVE,0.95
2024-02-25 15:06:00,Mock text for 2024-02-25,NEGATIVE,0.8
2024-02-25 03:34:00,Mock text for 2024-02-25,NEGATIVE,0.83
2024-02-25 16:17:00,Mock text for 2024-02-25,NEGATIVE,0.92
2024-02-26 06:38:00,Mock text for 2024-02-26,NEGATIVE,0.89
2024-02-26 13:58:00,Mock text for 2024-02-26,NEUTRAL,0.97
2024-02-26 12:50:00,Mock text for 2024-02-26,POSITIVE,0.99
2024-02-26 19:05:00,Mock text for 2024-02-26,NEGATIVE,0.74
2024-02-26 16:07:00,Mock text for 2024-02-26,NEGATIVE,0.83
2024-02-27 10:57:00,Mock text for 2024-02-27,NEGATIVE,0.79
2024-02-27 21:29:00,Mock text for 2024-02-27,NEGATIVE,0.77
2024-02-27 03:41:00,Mock text for 2024-02-27,NEUTRAL,0.9
2024-02-27 04:09:00,Mock text for 2024-02-27,NEGATIVE,0.77
2024-02-27 04:32:00,Mock text for 2024-02-27,POSITIVE,0.87
2024-02-27 06:49:00,Mock text for 2024-02-27,NEUTRAL,0.71
2024-02-28 16:11:00,Mock text for 2024-02-28,NEUTRAL,0.82
2024-02-28 05:19:00,Mock text for 2024-02-28,NEGATIVE,0.95
2024-02-28 16:40:00,Mock text for 2024-02-28,NEUTRAL,0.91
2024-02-28 07:30:00,Mock text for 2024-02-28,POSITIVE,0.76
2024-02-28 18:54:00,Mock text for 2024-02-28,POSITIVE,0.74
2024-02-28 02:24:00,Mock text for 2024-02-28,POSITIVE,0.87
2024-02-28 15:37:00,Mock text for 2024-02-28,NEGATIVE,0.88
2024-02-29 05:36:00,Mock text for 2024-02-29,NEUTRAL,0.98
2024-02-29 02:20:00,Mock text for 2024-02-29,NEGATIVE,0.9
2024-02-29 13:42:00,Mock text for 2024-02-29,NEUTRAL,0.98
2024-02-29 01:56:00,Mock text for 2024-02-29,NEUTRAL,0.82
2024-03-01 11:50:00,Mock text for 2024-03-01,NEGATIVE,0.83
2024-03-01 05:59:00,Mock text for 2024-03-01,NEGATIVE,0.9
2024-03-01 06:41:00,Mock text for 2024-03-01,NEGATIVE,0.79
2024-03-01 11:44:00,Mock text for 2024-03-01,NEUTRAL,0.7
2024-03-02 06:24:00,Mock text for 2024-03-02,NEUTRAL,0.78
2024-03-02 08:57:00,Mock text for 2024-03-02,NEUTRAL,0.91
2024-03-02 12:17:00,Mock text for 2024-03-02,NEGATIVE,0.89
2024-03-03 14:43:00,Mock text for 2024-03-03,NEGATIVE,0.92
2024-03-03 00:31:00,Mock text for 2024-03-03,POSITIVE,0.98
2024-03-03 01:56:00,Mock text for 2024-03-03,NEUTRAL,0.9
2024-03-03 19:44:00,Mock text for 2024-03-03,NEUTRAL,0.99
2024-03-03 23:28:00,Mock text for 2024-03-03,POSITIVE,0.99
2024-03-03 17:44:00,Mock text for 2024-03-03,NEGATIVE,0.78
2024-03-03 08:05:00,Mock text for 2024-03-03,POSITIVE,0.72
2024-03-04 15:53:00,Mock text for 2024-03-04,POSITIVE,0.73
2024-03-04 09:28:00,Mock text for 2024-03-04,NEGATIVE,0.9
2024-03-04 15:56:00,Mock text for 2024-03-04,NEGATIVE,0.74
2024-03-05 03:49:00,Mock text for 2024-03-05,POSITIVE,0.86
2024-03-05 09:18:00,Mock text for 2024-03-05,POSITIVE,0.99
2024-03-05 19:40:00,Mock text for 2024-03-05,NEUTRAL,1.0
2024-03-05 15:00:00,Mock text for 2024-03-05,NEUTRAL,0.86
2024-03-05 19:08:00,Mock text for 2024-03-05,NEUTRAL,0.81
2024-03-05 06:55:00,Mock text for 2024-03-05,POSITIVE,0.85
2024-03-06 11:31:00,Mock text for 2024-03-06,POSITIVE,0.82
2024-03-06 08:27:00,Mock text for 2024-03-06,NEUTRAL,0.9
2024-03-06 06:02:00,Mock text for 2024-03-06,NEUTRAL,0.7
2024-03-06 12:54:00,Mock text for 2024-03-06,POSITIVE,0.82
2024-03-06 08:56:00,Mock text for 2024-03-06,NEGATIVE,0.76
2024-03-07 04:45:00,Mock text for 2024-03-07,POSITIVE,0.72
2024-03-07 19:59:00,Mock text for 2024-03-07,NEGATIVE,0.86
2024-03-07 02:32:00,Mock text for 2024-03-07,NEUTRAL,0.73
2024-03-08 19:34:00,Mock text for 2024-03-08,NEGATIVE,0.74
2024-03-08 13:22:00,Mock text for 2024-03-08,NEUTRAL,0.73
2024-03-08 10:14:00,Mock text for 2024-03-08,NEGATIVE,0.79
2024-03-08 07:45:00,Mock text for 2024-03-08,POSITIVE,0.81
2024-03-09 14:50:00,Mock text for 2024-03-09,POSITIVE,0.83
2024-03-09 09:24:00,Mock text for 2024-03-09,POSITIVE,0.82
2024-03-09 02:57:00,Mock text for 2024-03-09,NEUTRAL,0.74
2024-03-09 18:29:00,Mock text for 2024-03-09,NEUTRAL,0.81
2024-03-10 19:45:00,Mock text for 2024-03-10,NEGATIVE,0.91
2024-03-10 06:11:00,Mock text for 2024-03-10,NEGATIVE,0.83
2024-03-10 06:33:00,Mock text for 2024-03-10,NEUTRAL,0.84
2024-03-10 00:34:00,Mock text for 2024-03-10,NEGATIVE,0.73
2024-03-10 09:49:00,Mock text for 2024-03-10,POSITIVE,0.93
2024-03-11 13:04:00,Mock text for 2024-03-11,POSITIVE,0.85
2024-03-11 05:44:00,Mock text for 2024-03-11,POSITIVE,0.81
2024-03-11 23:29:00,Mock text for 2024-03-11,POSITIVE,0.92
2024-03-11 21:11:00,Mock text for 2024-03-11,NEUTRAL,1.0
2024-03-11 08:53:00,Mock text for 2024-03-11,POSITIVE,0.96
2024-03-11 15:48:00,Mock text for 2024-03-11,POSITIVE,0.77
2024-03-11 04:21:00,Mock text for 2024-03-11,NEGATIVE,0.85
2024-03-12 21:56:00,Mock text for 2024-03-12,NEGATIVE,0.93
2024-03-12 20:47:00,Mock text for 2024-03-12,NEGATIVE,0.93
2024-03-12 09:35:00,Mock text for 2024-03-12,POSITIVE,0.92
2024-03-13 02:51:00,Mock text for 2024-03-13,NEUTRAL,0.71
2024-03-13 21:59:00,Mock text for 2024-03-13,NEUTRAL,0.86
2024-03-13 10:57:00,Mock text for 2024-03-13,NEUTRAL,0.93
2024-03-13 02:35:00,Mock text for 2024-03-13,NEGATIVE,0.72
2024-03-13 05:54:00,Mock text for 2024-03-13,NEUTRAL,0.87
2024-03-14 11:02:00,Mock text for 2024-03-14,NEUTRAL,0.95
2024-03-14 02:53:00,Mock text for 2024-03-14,NEUTRAL,0.99
2024-03-14 19:36:00,Mock text for 2024-03-14,NEGATIVE,0.74
2024-03-14 08:51:00,Mock text for 2024-03-14,NEUTRAL,0.73
2024-03-14 18:02:00,Mock text for 2024-03-14,NEUTRAL,0.9
2024-03-14 00:35:00,Mock text for 2024-03-14,NEGATIVE,0.9
2024-03-14 07:59:00,Mock text for 2024-03-14,POSITIVE,0.79
2024-03-15 06:04:00,Mock text for 2024-03-15,POSITIVE,0.81
2024-03-15 11:00:00,Mock text for 2024-03-15,NEGATIVE,0.81
2024-03-15 14:47:00,Mock text for 2024-03-15,NEUTRAL,0.85
2024-03-15 11:56:00,Mock text for 2024-03-15,POSITIVE,0.91
2024-03-15 07:35:00,Mock text for 2024-03-15,NEGATIVE,0.81
2024-03-15 18:47:00,Mock text for 2024-03-15,NEGATIVE,0.71
2024-03-16 20:00:00,Mock text for 2024-03-16,POSITIVE,0.91
2024-03-16 19:49:00,Mock text for 2024-03-16,NEUTRAL,0.82
2024-03-16 08:23:00,Mock text for 2024-03-16,NEGATIVE,0.88
2024-03-16 09:43:00,Mock text for 2024-03-16,POSITIVE,0.74
2024-03-16 06:58:00,Mock text for 2024-03-16,POSITIVE,0.78
2024-03-16 04:23:00,Mock text for 2024-03-16,POSITIVE,0.99
2024-03-16 05:56:00,Mock text for 2024-03-16,POSITIVE,0.85
2024-03-17 19:30:00,Mock text for 2024-03-17,NEUTRAL,0.72
2024-03-17 16:48:00,Mock text for 2024-03-17,NEUTRAL,0.7
2024-03-17 19:27:00,Mock text for 2024-03-17,NEGATIVE,0.76
2024-03-18 07:24:00,Mock text for 2024-03-18,NEUTRAL,0.86
2024-03-18 18:26:00,Mock text for 2024-03-18,NEUTRAL,0.8
2024-03-18 00:56:00,Mock text for 2024-03-18,POSITIVE,0.74
2024-03-18 15:01:00,Mock text for 2024-03-18,NEUTRAL,0.95
2024-03-19 14:38:00,Mock text for 2024-03-19,POSITIVE,0.72
2024-03-19 21:09:00,Mock text for 2024-03-19,NEGATIVE,0.82
2024-03-19 15:51:00,Mock text for 2024-03-19,NEGATIVE,0.85
2024-03-19 18:50:00,Mock text for 2024-03-19,NEGATIVE,0.74
2024-03-19 01:42:00,Mock text for 2024-03-19,POSITIVE,0.84
2024-03-19 04:46:00,Mock text for 2024-03-19,POSITIVE,0.88
2024-03-19 16:19:00,Mock text for 2024-03-19,NEUTRAL,0.92
2024-03-20 03:57:00,Mock text for 2024-03-20,NEGATIVE,1.0
2024-03-20 19:36:00,Mock text for 2024-03-20,POSITIVE,0.74
2024-03-20 05:05:00,Mock text for 2024-03-20,NEUTRAL,0.72
2024-03-20 18:27:00,Mock text for 2024-03-20,NEUTRAL,0.91
2024-03-21 21:40:00,Mock text for 2024-03-21,NEGATIVE,0.87
2024-03-21 00:18:00,Mock text for 2024-03-21,POSITIVE,0.98
2024-03-21 05:57:00,Mock text for 2024-03-21,NEGATIVE,0.87
2024-03-21 06:08:00,Mock text for 2024-03-21,POSITIVE,1.0
2024-03-21 05:11:00,Mock text for 2024-03-21,POSITIVE,0.71
2024-03-22 16:50:00,Mock text for 2024-03-22,POSITIVE,0.7
2024-03-22 10:08:00,Mock text for 2024-03-22,NEGATIVE,0.87
2024-03-22 06:48:00,Mock text for 2024-03-22,NEGATIVE,0.76
2024-03-22 07:00:00,Mock text for 2024-03-22,POSITIVE,0.91
2024-03-23 14:34:00,Mock text for 2024-03-23,POSITIVE,0.98
2024-03-23 22:45:00,Mock text for 2024-03-23,NEGATIVE,0.73
2024-03-23 05:53:00,Mock text for 2024-03-23,NEUTRAL,0.85
2024-03-23 07:24:00,Mock text for 2024-03-23,NEGATIVE,0.98
2024-03-23 04:49:00,Mock text for 2024-03-23,NEGATIVE,1.0
2024-03-24 15:42:00,Mock text for 2024-03-24,POSITIVE,0.8
2024-03-24 01:16:00,Mock text for 2024-03-24,NEUTRAL,0.77
2024-03-24 22:23:00,Mock text for 2024-03-24,NEUTRAL,0.77
2024-03-24 08:09:00,Mock text for 2024-03-24,NEGATIVE,0.94
2024-03-25 06:41:00,Mock text for 2024-03-25,NEGATIVE,0.84
2024-03-25 22:22:00,Mock text for 2024-03-25,NEUTRAL,0.93
2024-03-25 12:33:00,Mock text for 2024-03-25,NEGATIVE,0.96
2024-03-25 09:59:00,Mock text for 2024-03-25,NEUTRAL,0.92
2024-03-25 12:16:00,Mock text for 2024-03-25,NEUTRAL,0.91
2024-03-25 01:39:00,Mock text for 2024-03-25,NEUTRAL,0.73
2024-03-25 03:25:00,Mock text for 2024-03-25,POSITIVE,0.79
2024-03-26 04:16:00,Mock text for 2024-03-26,NEGATIVE,0.74
2024-03-26 02:41:00,Mock text for 2024-03-26,POSITIVE,0.78
2024-03-26 02:56:00,Mock text for 2024-03-26,NEGATIVE,0.91
2024-03-27 15:16:00,Mock text for 2024-03-27,NEUTRAL,0.93
2024-03-27 11:37:00,Mock text for 2024-03-27,NEGATIVE,0.82
2024-03-27 05:34:00,Mock text for 2024-03-27,NEUTRAL,0.82
2024-03-28 11:24:00,Mock text for 2024-03-28,POSITIVE,0.96
2024-03-28 11:25:00,Mock text for 2024-03-28,POSITIVE,0.79
2024-03-28 20:49:00,Mock text for 2024-03-28,NEUTRAL,0.96
2024-03-28 09:08:00,Mock text for 2024-03-28,NEUTRAL,0.71
2024-03-28 17:54:00,Mock text for 2024-03-28,NEUTRAL,0.75
2024-03-29 19:30:00,Mock text for 2024-03-29,NEUTRAL,0.8
2024-03-29 05:32:00,Mock text for 2024-03-29,POSITIVE,0.72
2024-03-29 05:22:00,Mock text for 2024-03-29,NEGATIVE,1.0
2024-03-29 22:13:00,Mock text for 2024-03-29,NEUTRAL,0.94
2024-03-29 15:37:00,Mock text for 2024-03-29,POSITIVE,0.78
2024-03-29 23:38:00,Mock text for 2024-03-29,NEGATIVE,0.72
2024-03-29 10:44:00,Mock text for 2024-03-29,NEGATIVE,0.88
2024-03-30 22:38:00,Mock text for 2024-03-30,POSITIVE,0.74
2024-03-30 06:38:00,Mock text for 2024-03-30,POSITIVE,0.93
2024-03-30 13:38:00,Mock text for 2024-03-30,POSITIVE,0.82
2024-03-30 21:03:00,Mock text for 2024-03-30,NEUTRAL,0.96
2024-03-31 22:00:00,Mock text for 2024-03-31,NEUTRAL,0.99
2024-03-31 12:06:00,Mock text for 2024-03-31,NEUTRAL,0.72
2024-03-31 14:30:00,Mock text for 2024-03-31,NEUTRAL,0.9
2024-04-01 05:36:00,Mock text for 2024-04-01,POSITIVE,0.9
2024-04-01 22:37:00,Mock text for 2024-04-01,NEUTRAL,0.78
2024-04-01 18:00:00,Mock text for 2024-04-01,NEUTRAL,0.89
2024-04-01 15:45:00,Mock text for 2024-04-01,NEUTRAL,0.86
2024-04-01 08:45:00,Mock text for 2024-04-01,POSITIVE,0.85
2024-04-02 09:15:00,Mock text for 2024-04-02,POSITIVE,0.72
2024-04-02 08:26:00,Mock text for 2024-04-02,NEUTRAL,0.9
2024-04-02 13:04:00,Mock text for 2024-04-02,NEGATIVE,0.7
2024-04-03 10:20:00,Mock text for 2024-04-03,NEUTRAL,0.84
2024-04-03 16:25:00,Mock text for 2024-04-03,NEGATIVE,0.84
2024-04-03 04:00:00,Mock text for 2024-04-03,NEUTRAL,1.0
2024-04-03 09:18:00,Mock text for 2024-04-03,NEGATIVE,0.82
2024-04-04 19:20:00,Mock text for 2024-04-04,NEGATIVE,0.83
2024-04-04 18:04:00,Mock text for 2024-04-04,NEGATIVE,0.8
2024-04-04 17:23:00,Mock text for 2024-04-04,NEGATIVE,0.78
2024-04-04 16:44:00,Mock text for 2024-04-04,NEGATIVE,0.79
2024-04-05 01:22:00,Mock text for 2024-04-05,POSITIVE,0.82
2024-04-05 07:29:00,Mock text for 2024-04-05,NEGATIVE,1.0
2024-04-05 05:23:00,Mock text for 2024-04-05,NEUTRAL,0.97
2024-04-05 06:06:00,Mock text for 2024-04-05,NEGATIVE,0.77
2024-04-05 00:10:00,Mock text for 2024-04-05,POSITIVE,0.98
2024-04-05 03:02:00,Mock text for 2024-04-05,NEGATIVE,0.76
2024-04-05 23:12:00,Mock text for 2024-04-05,NEUTRAL,0.84
2024-04-06 09:08:00,Mock text for 2024-04-06,NEUTRAL,0.81
2024-04-06 02:42:00,Mock text for 2024-04-06,NEUTRAL,0.8
2024-04-06 10:04:00,Mock text for 2024-04-06,NEUTRAL,0.76
2024-04-06 06:32:00,Mock text for 2024-04-06,NEUTRAL,0.78
2024-04-06 15:59:00,Mock text for 2024-04-06,NEGATIVE,0.98
2024-04-06 00:45:00,Mock text for 2024-04-06,NEUTRAL,0.77
2024-04-07 03:47:00,Mock text for 2024-04-07,NEUTRAL,0.79
2024-04-07 07:00:00,Mock text for 2024-04-07,NEUTRAL,0.85
2024-04-07 07:22:00,Mock text for 2024-04-07,POSITIVE,0.9
2024-04-08 19:48:00,Mock text for 2024-04-08,NEGATIVE,0.73
2024-04-08 03:46:00,Mock text for 2024-04-08,POSITIVE,0.86
2024-04-08 00:03:00,Mock text for 2024-04-08,NEUTRAL,0.7
2024-04-08 08:07:00,Mock text for 2024-04-08,NEUTRAL,0.79
2024-04-08 23:02:00,Mock text for 2024-04-08,NEGATIVE,0.73
2024-04-08 20:46:00,Mock text for 2024-04-08,NEUTRAL,0.98
2024-04-09 03:06:00,Mock text for 2024-04-09,NEGATIVE,0.84
2024-04-09 12:29:00,Mock text for 2024-04-09,POSITIVE,0.87
2024-04-09 06:23:00,Mock text for 2024-04-09,NEGATIVE,0.83
2024-04-10 14:34:00,Mock text for 2024-04-10,NEGATIVE,0.84
2024-04-10 23:22:00,Mock text for 2024-04-10,NEGATIVE,0.85
2024-04-10 11:08:00,Mock text for 2024-04-10,NEGATIVE,0.83
2024-04-11 03:10:00,Mock text for 2024-04-11,NEGATIVE,0.87
2024-04-11 14:38:00,Mock text for 2024-04-11,POSITIVE,0.89
2024-04-11 19:03:00,Mock text for 2024-04-11,NEGATIVE,0.96
2024-04-11 16:08:00,Mock text for 2024-04-11,NEUTRAL,0.94
2024-04-12 18:43:00,Mock text for 2024-04-12,NEGATIVE,0.85
2024-04-12 06:06:00,Mock text for 2024-04-12,NEGATIVE,0.95
2024-04-12 01:28:00,Mock text for 2024-04-12,POSITIVE,0.79
2024-04-12 20:54:00,Mock text for 2024-04-12,NEUTRAL,0.85
2024-04-12 05:08:00,Mock text for 2024-04-12,NEGATIVE,0.94
2024-04-12 07:05:00,Mock text for 2024-04-12,NEGATIVE,0.76
2024-04-13 18:10:00,Mock text for 2024-04-13,NEUTRAL,0.73
2024-04-13 03:56:00,Mock text for 2024-04-13,NEGATIVE,0.98
2024-04-13 13:16:00,Mock text for 2024-04-13,NEGATIVE,0.97
2024-04-13 21:44:00,Mock text for 2024-04-13,NEUTRAL,0.98
2024-04-13 22:23:00,Mock text for 2024-04-13,NEUTRAL,0.73
2024-04-13 21:55:00,Mock text for 2024-04-13,POSITIVE,0.83
2024-04-13 10:16:00,Mock text for 2024-04-13,NEUTRAL,0.96
2024-04-14 21:54:00,Mock text for 2024-04-14,NEUTRAL,0.96
2024-04-14 16:39:00,Mock text for 2024-04-14,NEGATIVE,0.93
2024-04-14 14:18:00,Mock text for 2024-04-14,NEGATIVE,0.85
2024-04-15 23:06:00,Mock text for 2024-04-15,POSITIVE,0.97
2024-04-15 07:10:00,Mock text for 2024-04-15,POSITIVE,0.97
2024-04-15 22:33:00,Mock text for 2024-04-15,POSITIVE,0.73
2024-04-15 17:49:00,Mock text for 2024-04-15,NEGATIVE,0.96
2024-04-15 19:05:00,Mock text for 2024-04-15,POSITIVE,0.76
2024-04-16 06:52:00,Mock text for 2024-04-16,POSITIVE,0.88
2024-04-16 04:02:00,Mock text for 2024-04-16,NEUTRAL,0.73
2024-04-16 15:24:00,Mock text for 2024-04-16,NEGATIVE,0.97
2024-04-17 16:41:00,Mock text for 2024-04-17,NEUTRAL,0.9
2024-04-17 00:34:00,Mock text for 2024-04-17,POSITIVE,0.94
2024-04-17 15:47:00,Mock text for 2024-04-17,NEGATIVE,0.81
2024-04-17 00:13:00,Mock text for 2024-04-17,NEGATIVE,0.85
2024-04-17 17:18:00,Mock text for 2024-04-17,NEUTRAL,0.72
2024-04-17 13:53:00,Mock text for 2024-04-17,NEGATIVE,0.88
2024-04-18 11:59:00,Mock text for 2024-04-18,NEGATIVE,0.7
2024-04-18 23:18:00,Mock text for 2024-04-18,POSITIVE,0.9
2024-04-18 00:32:00,Mock text for 2024-04-18,POSITIVE,0.79
2024-04-19 09:35:00,Mock text for 2024-04-19,NEGATIVE,0.73
2024-04-19 19:53:00,Mock text for 2024-04-19,NEUTRAL,0.97
2024-04-19 17:58:00,Mock text for 2024-04-19,NEGATIVE,0.91
2024-04-19 15:38:00,Mock text for 2024-04-19,NEGATIVE,0.93
2024-04-19 16:28:00,Mock text for 2024-04-19,NEGATIVE,0.87
2024-04-19 18:25:00,Mock text for 2024-04-19,NEUTRAL,0.95
2024-04-20 01:06:00,Mock text for 2024-04-20,NEGATIVE,0.87
2024-04-20 09:54:00,Mock text for 2024-04-20,NEUTRAL,0.98
2024-04-20 04:12:00,Mock text for 2024-04-20,NEGATIVE,0.93
2024-04-21 23:57:00,Mock text for 2024-04-21,POSITIVE,0.91
2024-04-21 01:02:00,Mock text for 2024-04-21,NEUTRAL,0.88
2024-04-21 01:28:00,Mock text for 2024-04-21,NEGATIVE,0.93
2024-04-21 06:00:00,Mock text for 2024-04-21,NEGATIVE,0.98
2024-04-21 17:35:00,Mock text for 2024-04-21,NEGATIVE,0.82
2024-04-21 13:09:00,Mock text for 2024-04-21,NEUTRAL,0.98
2024-04-21 16:23:00,Mock text for 2024-04-21,POSITIVE,0.8
2024-04-22 03:11:00,Mock text for 2024-04-22,POSITIVE,0.99
2024-04-22 18:37:00,Mock text for 2024-04-22,NEGATIVE,0.92
2024-04-22 04:19:00,Mock text for 2024-04-22,POSITIVE,0.87
2024-04-22 22:54:00,Mock text for 2024-04-22,NEGATIVE,0.99
2024-04-23 00:33:00,Mock text for 2024-04-23,NEUTRAL,0.73
2024-04-23 11:38:00,Mock text for 2024-04-23,POSITIVE,0.79
2024-04-23 03:08:00,Mock text for 2024-04-23,NEUTRAL,0.94
2024-04-23 22:43:00,Mock text for 2024-04-23,POSITIVE,0.73
2024-04-23 15:43:00,Mock text for 2024-04-23,NEGATIVE,0.86
2024-04-23 08:29:00,Mock text for 2024-04-23,NEUTRAL,0.9
2024-04-23 08:19:00,Mock text for 2024-04-23,NEUTRAL,0.77
2024-04-24 07:23:00,Mock text for 2024-04-24,NEUTRAL,0.84
2024-04-24 18:08:00,Mock text for 2024-04-24,NEGATIVE,0.77
2024-04-24 21:01:00,Mock text for 2024-04-24,NEGATIVE,0.8
2024-04-24 19:59:00,Mock text for 2024-04-24,NEUTRAL,0.8
2024-04-24 18:08:00,Mock text for 2024-04-24,POSITIVE,0.75
2024-04-24 12:56:00,Mock text for 2024-04-24,POSITIVE,0.96
2024-04-24 14:16:00,Mock text for 2024-04-24,POSITIVE,0.98
2024-04-25 22:52:00,Mock text for 2024-04-25,NEGATIVE,0.92
2024-04-25 05:00:00,Mock text for 2024-04-25,NEGATIVE,0.9
2024-04-25 11:25:00,Mock text for 2024-04-25,NEUTRAL,0.81
2024-04-25 23:59:00,Mock text for 2024-04-25,POSITIVE,0.85
2024-04-26 11:18:00,Mock text for 2024-04-26,NEGATIVE,0.76
2024-04-26 19:44:00,Mock text for 2024-04-26,NEUTRAL,0.87
2024-04-26 21:20:00,Mock text for 2024-04-26,NEUTRAL,0.94
2024-04-26 11:46:00,Mock text for 2024-04-26,POSITIVE,0.71
2024-04-26 22:32:00,Mock text for 2024-04-26,POSITIVE,0.83
2024-04-27 13:52:00,Mock text for 2024-04-27,POSITIVE,0.72
2024-04-27 17:34:00,Mock text for 2024-04-27,NEGATIVE,0.98
2024-04-27 10:23:00,Mock text for 2024-04-27,POSITIVE,0.88
2024-04-28 19:16:00,Mock text for 2024-04-28,POSITIVE,0.71
2024-04-28 07:32:00,Mock text for 2024-04-28,NEUTRAL,0.83
2024-04-28 12:03:00,Mock text for 2024-04-28,NEUTRAL,0.78
2024-04-28 21:12:00,Mock text for 2024-04-28,POSITIVE,0.74
2024-04-28 10:15:00,Mock text for 2024-04-28,NEGATIVE,0.85
2024-04-28 19:38:00,Mock text for 2024-04-28,NEGATIVE,0.93
2024-04-29 01:15:00,Mock text for 2024-04-29,POSITIVE,0.9
2024-04-29 03:13:00,Mock text for 2024-04-29,NEUTRAL,0.7
2024-04-29 00:33:00,Mock text for 2024-04-29,POSITIVE,0.84
2024-04-29 17:26:00,Mock text for 2024-04-29,NEGATIVE,0.86
2024-04-29 18:09:00,Mock text for 2024-04-29,NEGATIVE,0.76
2024-04-30 15:49:00,Mock text for 2024-04-30,POSITIVE,0.73
2024-04-30 05:45:00,Mock text for 2024-04-30,NEGATIVE,0.99
2024-04-30 13:46:00,Mock text for 2024-04-30,NEUTRAL,0.97
2024-04-30 12:59:00,Mock text for 2024-04-30,NEUTRAL,0.87
2024-04-30 06:50:00,Mock text for 2024-04-30,NEGATIVE,0.7
2024-04-30 09:33:00,Mock text for 2024-04-30,NEGATIVE,0.74
2024-05-01 01:35:00,Mock text for 2024-05-01,NEGATIVE,0.87
2024-05-01 06:28:00,Mock text for 2024-05-01,NEUTRAL,0.92
2024-05-01 16:25:00,Mock text for 2024-05-01,NEGATIVE,0.76
2024-05-01 14:45:00,Mock text for 2024-05-01,NEGATIVE,0.72
2024-05-01 15:28:00,Mock text for 2024-05-01,NEUTRAL,0.79
2024-05-01 11:51:00,Mock text for 2024-05-01,NEGATIVE,0.8
2024-05-01 19:32:00,Mock text for 2024-05-01,POSITIVE,0.86
2024-05-02 15:18:00,Mock text for 2024-05-02,NEUTRAL,0.9
2024-05-02 07:27:00,Mock text for 2024-05-02,NEUTRAL,0.77
2024-05-02 04:13:00,Mock text for 2024-05-02,NEGATIVE,0.77
2024-05-03 21:18:00,Mock text for 2024-05-03,NEGATIVE,0.98
2024-05-03 22:43:00,Mock text for 2024-05-03,NEGATIVE,0.89
2024-05-03 10:02:00,Mock text for 2024-05-03,NEGATIVE,0.71
2024-05-03 12:56:00,Mock text for 2024-05-03,NEGATIVE,0.93
2024-05-04 03:07:00,Mock text for 2024-05-04,POSITIVE,0.72
2024-05-04 22:32:00,Mock text for 2024-05-04,POSITIVE,0.93
2024-05-04 21:16:00,Mock text for 2024-05-04,NEUTRAL,0.84
2024-05-04 18:02:00,Mock text for 2024-05-04,NEUTRAL,0.97
2024-05-04 09:11:00,Mock text for 2024-05-04,NEUTRAL,0.75
2024-05-04 18:59:00,Mock text for 2024-05-04,POSITIVE,0.93
2024-05-05 19:25:00,Mock text for 2024-05-05,NEUTRAL,0.7
2024-05-05 17:22:00,Mock text for 2024-05-05,NEGATIVE,0.82
2024-05-05 20:34:00,Mock text for 2024-05-05,NEUTRAL,0.95
2024-05-05 09:30:00,Mock text for 2024-05-05,POSITIVE,0.84
2024-05-06 08:37:00,Mock text for 2024-05-06,NEGATIVE,0.72
2024-05-06 09:46:00,Mock text for 2024-05-06,NEUTRAL,0.8
2024-05-06 06:42:00,Mock text for 2024-05-06,NEUTRAL,0.91
2024-05-06 09:04:00,Mock text for 2024-05-06,POSITIVE,0.89
2024-05-06 02:30:00,Mock text for 2024-05-06,POSITIVE,0.88
2024-05-06 11:32:00,Mock text for 2024-05-06,NEUTRAL,0.85
2024-05-07 21:49:00,Mock text for 2024-05-07,NEUTRAL,0.74
2024-05-07 03:23:00,Mock text for 2024-05-07,POSITIVE,0.84
2024-05-07 22:16:00,Mock text for 2024-05-07,POSITIVE,0.72
2024-05-07 13:14:00,Mock text for 2024-05-07,POSITIVE,0.96
2024-05-08 21:00:00,Mock text for 2024-05-08,NEUTRAL,0.78
2024-05-08 09:38:00,Mock text for 2024-05-08,NEUTRAL,0.93
2024-05-08 13:45:00,Mock text for 2024-05-08,POSITIVE,0.92
2024-05-08 20:42:00,Mock text for 2024-05-08,POSITIVE,0.88
2024-05-08 00:54:00,Mock text for 2024-05-08,NEUTRAL,0.92
2024-05-08 18:31:00,Mock text for 2024-05-08,NEGATIVE,0.82
2024-05-09 12:00:00,Mock text for 2024-05-09,POSITIVE,0.9
2024-05-09 04:00:00,Mock text for 2024-05-09,NEUTRAL,0.75
2024-05-09 17:05:00,Mock text for 2024-05-09,NEUTRAL,0.96
2024-05-09 15:21:00,Mock text for 2024-05-09,NEGATIVE,0.72
2024-05-09 14:04:00,Mock text for 2024-05-09,POSITIVE,0.71
2024-05-09 08:10:00,Mock text for 2024-05-09,NEUTRAL,0.9
2024-05-10 05:38:00,Mock text for 2024-05-10,NEGATIVE,0.94
2024-05-10 16:39:00,Mock text for 2024-05-10,POSITIVE,0.74
2024-05-10 13:45:00,Mock text for 2024-05-10,NEGATIVE,0.93
2024-05-10 19:34:00,Mock text for 2024-05-10,POSITIVE,0.78
2024-05-10 07:34:00,Mock text for 2024-05-10,NEUTRAL,0.76
2024-05-10 07:05:00,Mock text for 2024-05-10,NEUTRAL,0.9
2024-05-10 15:59:00,Mock text for 2024-05-10,NEUTRAL,0.71
2024-05-11 18:33:00,Mock text for 2024-05-11,NEGATIVE,0.85
2024-05-11 02:14:00,Mock text for 2024-05-11,POSITIVE,0.9
2024-05-11 08:14:00,Mock text for 2024-05-11,POSITIVE,0.83
2024-05-12 20:15:00,Mock text for 2024-05-12,POSITIVE,0.82
2024-05-12 01:41:00,Mock text for 2024-05-12,NEGATIVE,0.87
2024-05-12 04:56:00,Mock text for 2024-05-12,NEUTRAL,0.92
2024-05-12 08:57:00,Mock text for 2024-05-12,NEUTRAL,0.88
2024-05-13 14:38:00,Mock text for 2024-05-13,NEGATIVE,1.0
2024-05-13 18:51:00,Mock text for 2024-05-13,NEUTRAL,0.71
2024-05-13 11:25:00,Mock text for 2024-05-13,NEUTRAL,0.73
2024-05-13 13:12:00,Mock text for 2024-05-13,NEUTRAL,0.85
2024-05-13 18:11:00,Mock text for 2024-05-13,NEUTRAL,0.9
2024-05-14 16:13:00,Mock text for 2024-05-14,NEUTRAL,0.75
2024-05-14 17:56:00,Mock text for 2024-05-14,NEUTRAL,0.75
2024-05-14 06:32:00,Mock text for 2024-05-14,NEGATIVE,0.87
2024-05-14 23:54:00,Mock text for 2024-05-14,NEUTRAL,0.96
2024-05-15 09:40:00,Mock text for 2024-05-15,NEUTRAL,0.88
2024-05-15 21:32:00,Mock text for 2024-05-15,POSITIVE,0.88
2024-05-15 16:53:00,Mock text for 2024-05-15,NEUTRAL,0.98
2024-05-16 17:23:00,Mock text for 2024-05-16,POSITIVE,0.8
2024-05-16 16:14:00,Mock text for 2024-05-16,NEGATIVE,0.76
2024-05-16 20:27:00,Mock text for 2024-05-16,POSITIVE,0.84
2024-05-16 08:02:00,Mock text for 2024-05-16,NEUTRAL,0.71
2024-05-16 17:18:00,Mock text for 2024-05-16,POSITIVE,0.87
2024-05-16 08:27:00,Mock text for 2024-05-16,POSITIVE,0.78
2024-05-16 13:07:00,Mock text for 2024-05-16,POSITIVE,0.92
2024-05-17 20:53:00,Mock text for 2024-05-17,NEUTRAL,0.81
2024-05-17 05:01:00,Mock text for 2024-05-17,NEGATIVE,0.91
2024-05-17 15:38:00,Mock text for 2024-05-17,NEUTRAL,0.91
2024-05-18 12:24:00,Mock text for 2024-05-18,NEUTRAL,0.73
2024-05-18 01:20:00,Mock text for 2024-05-18,POSITIVE,0.83
2024-05-18 20:30:00,Mock text for 2024-05-18,NEUTRAL,0.77
2024-05-18 06:54:00,Mock text for 2024-05-18,POSITIVE,0.79
2024-05-18 09:11:00,Mock text for 2024-05-18,NEUTRAL,0.72
2024-05-19 20:46:00,Mock text for 2024-05-19,NEUTRAL,0.83
2024-05-19 11:07:00,Mock text for 2024-05-19,NEGATIVE,0.95
2024-05-19 11:14:00,Mock text for 2024-05-19,POSITIVE,0.89
2024-05-19 06:48:00,Mock text for 2024-05-19,NEUTRAL,0.76
2024-05-19 14:55:00,Mock text for 2024-05-19,POSITIVE,0.95
2024-05-20 04:02:00,Mock text for 2024-05-20,NEGATIVE,0.81
2024-05-20 04:12:00,Mock text for 2024-05-20,POSITIVE,0.8
2024-05-20 12:42:00,Mock text for 2024-05-20,NEGATIVE,0.99
2024-05-20 10:55:00,Mock text for 2024-05-20,NEGATIVE,0.91
2024-05-21 20:33:00,Mock text for 2024-05-21,NEUTRAL,0.78
2024-05-21 13:13:00,Mock text for 2024-05-21,POSITIVE,0.74
2024-05-21 16:30:00,Mock text for 2024-05-21,NEGATIVE,1.0
2024-05-21 18:46:00,Mock text for 2024-05-21,NEUTRAL,0.97
2024-05-21 15:40:00,Mock text for 2024-05-21,NEGATIVE,0.81
2024-05-21 07:41:00,Mock text for 2024-05-21,NEGATIVE,0.89
2024-05-21 21:34:00,Mock text for 2024-05-21,POSITIVE,0.87
2024-05-22 22:42:00,Mock text for 2024-05-22,NEUTRAL,0.84
2024-05-22 12:44:00,Mock text for 2024-05-22,POSITIVE,0.78
2024-05-22 20:10:00,Mock text for 2024-05-22,NEGATIVE,0.94
2024-05-22 17:17:00,Mock text for 2024-05-22,NEGATIVE,0.79
2024-05-22 22:30:00,Mock text for 2024-05-22,NEUTRAL,0.88
2024-05-22 17:04:00,Mock text for 2024-05-22,NEUTRAL,0.95
2024-05-22 10:48:00,Mock text for 2024-05-22,POSITIVE,1.0
2024-05-23 06:36:00,Mock text for 2024-05-23,POSITIVE,0.8
2024-05-23 11:15:00,Mock text for 2024-05-23,NEUTRAL,0.79
2024-05-23 18:42:00,Mock text for 2024-05-23,NEGATIVE,0.81
2024-05-23 04:16:00,Mock text for 2024-05-23,POSITIVE,0.8
2024-05-23 20:51:00,Mock text for 2024-05-23,POSITIVE,0.93
2024-05-23 03:52:00,Mock text for 2024-05-23,NEGATIVE,0.82
2024-05-23 06:27:00,Mock text for 2024-05-23,POSITIVE,0.96
2024-05-24 21:17:00,Mock text for 2024-05-24,POSITIVE,0.91
2024-05-24 23:32:00,Mock text for 2024-05-24,NEGATIVE,0.74
2024-05-24 08:33:00,Mock text for 2024-05-24,NEGATIVE,0.91
2024-05-24 08:07:00,Mock text for 2024-05-24,NEGATIVE,0.87
2024-05-24 02:45:00,Mock text for 2024-05-24,POSITIVE,0.97
2024-05-25 16:18:00,Mock text for 2024-05-25,NEGATIVE,0.99
2024-05-25 18:45:00,Mock text for 2024-05-25,NEUTRAL,0.87
2024-05-25 18:26:00,Mock text for 2024-05-25,NEGATIVE,0.76
2024-05-25 07:53:00,Mock text for 2024-05-25,NEGATIVE,0.98
2024-05-25 17:14:00,Mock text for 2024-05-25,NEGATIVE,0.75
2024-05-25 09:34:00,Mock text for 2024-05-25,NEGATIVE,0.89
2024-05-26 16:20:00,Mock text for 2024-05-26,NEUTRAL,0.98
2024-05-26 06:55:00,Mock text for 2024-05-26,NEUTRAL,0.71
2024-05-26 08:38:00,Mock text for 2024-05-26,POSITIVE,0.88
2024-05-27 11:41:00,Mock text for 2024-05-27,POSITIVE,0.77
2024-05-27 05:08:00,Mock text for 2024-05-27,NEGATIVE,0.74
2024-05-27 06:52:00,Mock text for 2024-05-27,NEGATIVE,0.96
2024-05-28 08:04:00,Mock text for 2024-05-28,NEGATIVE,0.92
2024-05-28 23:29:00,Mock text for 2024-05-28,NEGATIVE,0.98
2024-05-28 12:39:00,Mock text for 2024-05-28,POSITIVE,0.96
2024-05-28 08:47:00,Mock text for 2024-05-28,NEUTRAL,0.74
2024-05-28 18:25:00,Mock text for 2024-05-28,NEGATIVE,0.8
2024-05-29 07:55:00,Mock text for 2024-05-29,NEUTRAL,0.97
2024-05-29 10:18:00,Mock text for 2024-05-29,POSITIVE,0.83
2024-05-29 17:20:00,Mock text for 2024-05-29,NEUTRAL,0.79
2024-05-29 14:21:00,Mock text for 2024-05-29,NEUTRAL,0.92
2024-05-29 18:29:00,Mock text for 2024-05-29,NEGATIVE,0.74
2024-05-29 01:47:00,Mock text for 2024-05-29,NEGATIVE,0.92
2024-05-30 20:38:00,Mock text for 2024-05-30,POSITIVE,0.84
2024-05-30 09:34:00,Mock text for 2024-05-30,POSITIVE,0.87
2024-05-30 14:16:00,Mock text for 2024-05-30,NEGATIVE,0.97
2024-05-31 07:42:00,Mock text for 2024-05-31,NEGATIVE,0.71
2024-05-31 15:47:00,Mock text for 2024-05-31,NEGATIVE,0.97
2024-05-31 04:23:00,Mock text for 2024-05-31,POSITIVE,0.98
2024-05-31 22:05:00,Mock text for 2024-05-31,NEGATIVE,0.97
2024-06-01 14:41:00,Mock text for 2024-06-01,NEUTRAL,0.83
2024-06-01 16:38:00,Mock text for 2024-06-01,NEGATIVE,0.87
2024-06-01 19:02:00,Mock text for 2024-06-01,NEGATIVE,1.0
2024-06-01 16:24:00,Mock text for 2024-06-01,NEGATIVE,0.97
2024-06-01 20:55:00,Mock text for 2024-06-01,POSITIVE,0.74
2024-06-01 10:28:00,Mock text for 2024-06-01,NEUTRAL,0.86
2024-06-02 14:32:00,Mock text for 2024-06-02,POSITIVE,0.73
2024-06-02 17:59:00,Mock text for 2024-06-02,NEUTRAL,0.72
2024-06-02 19:23:00,Mock text for 2024-06-02,POSITIVE,0.87
2024-06-03 10:52:00,Mock text for 2024-06-03,POSITIVE,0.82
2024-06-03 00:29:00,Mock text for 2024-06-03,POSITIVE,0.94
2024-06-03 05:12:00,Mock text for 2024-06-03,NEUTRAL,0.84
2024-06-04 16:08:00,Mock text for 2024-06-04,NEGATIVE,0.77
2024-06-04 07:06:00,Mock text for 2024-06-04,NEGATIVE,0.72
2024-06-04 08:57:00,Mock text for 2024-06-04,POSITIVE,0.89
2024-06-04 11:19:00,Mock text for 2024-06-04,NEUTRAL,0.73
2024-06-05 18:14:00,Mock text for 2024-06-05,POSITIVE,0.91
2024-06-05 04:02:00,Mock text for 2024-06-05,POSITIVE,0.98
2024-06-05 04:48:00,Mock text for 2024-06-05,NEUTRAL,0.82
2024-06-05 10:30:00,Mock text for 2024-06-05,NEUTRAL,0.7
2024-06-05 13:50:00,Mock text for 2024-06-05,NEGATIVE,0.94
2024-06-05 18:59:00,Mock text for 2024-06-05,NEGATIVE,0.9
2024-06-05 17:56:00,Mock text for 2024-06-05,NEUTRAL,0.92
2024-06-06 00:46:00,Mock text for 2024-06-06,NEUTRAL,0.72
2024-06-06 08:37:00,Mock text for 2024-06-06,NEGATIVE,0.77
2024-06-06 19:10:00,Mock text for 2024-06-06,NEGATIVE,0.76
2024-06-06 00:30:00,Mock text for 2024-06-06,NEGATIVE,0.93
2024-06-07 13:07:00,Mock text for 2024-06-07,NEUTRAL,0.72
2024-06-07 06:35:00,Mock text for 2024-06-07,POSITIVE,0.77
2024-06-07 01:16:00,Mock text for 2024-06-07,NEUTRAL,0.89
2024-06-07 11:25:00,Mock text for 2024-06-07,NEUTRAL,0.79
2024-06-07 18:06:00,Mock text for 2024-06-07,POSITIVE,0.92
2024-06-08 07:35:00,Mock text for 2024-06-08,NEGATIVE,0.92
2024-06-08 02:52:00,Mock text for 2024-06-08,NEGATIVE,0.99
2024-06-08 09:55:00,Mock text for 2024-06-08,NEUTRAL,0.97
2024-06-09 16:29:00,Mock text for 2024-06-09,NEGATIVE,0.83
2024-06-09 22:38:00,Mock text for 2024-06-09,POSITIVE,0.94
2024-06-09 01:55:00,Mock text for 2024-06-09,NEUTRAL,0.87
2024-06-09 14:51:00,Mock text for 2024-06-09,POSITIVE,0.77
2024-06-09 17:09:00,Mock text for 2024-06-09,NEGATIVE,0.91
2024-06-09 02:36:00,Mock text for 2024-06-09,NEGATIVE,0.87
2024-06-10 06:46:00,Mock text for 2024-06-10,NEGATIVE,0.71
2024-06-10 07:24:00,Mock text for 2024-06-10,POSITIVE,0.78
2024-06-10 07:09:00,Mock text for 2024-06-10,NEUTRAL,0.8
2024-06-10 07:55:00,Mock text for 2024-06-10,NEUTRAL,0.95
2024-06-11 15:31:00,Mock text for 2024-06-11,POSITIVE,0.78
2024-06-11 21:10:00,Mock text for 2024-06-11,NEUTRAL,0.74
2024-06-11 09:06:00,Mock text for 2024-06-11,NEUTRAL,0.71
2024-06-11 14:48:00,Mock text for 2024-06-11,NEUTRAL,0.73
2024-06-11 10:48:00,Mock text for 2024-06-11,NEUTRAL,0.97
2024-06-11 10:56:00,Mock text for 2024-06-11,NEUTRAL,0.96
2024-06-11 08:12:00,Mock text for 2024-06-11,POSITIVE,0.82
2024-06-12 10:12:00,Mock text for 2024-06-12,POSITIVE,0.71
2024-06-12 02:37:00,Mock text for 2024-06-12,NEGATIVE,0.85
2024-06-12 12:45:00,Mock text for 2024-06-12,NEGATIVE,0.98
2024-06-13 07:35:00,Mock text for 2024-06-13,NEGATIVE,0.88
2024-06-13 16:46:00,Mock text for 2024-06-13,NEGATIVE,0.95
2024-06-13 15:02:00,Mock text for 2024-06-13,NEGATIVE,0.98
2024-06-13 08:46:00,Mock text for 2024-06-13,NEUTRAL,0.91
2024-06-13 07:43:00,Mock text for 2024-06-13,NEGATIVE,0.8
2024-06-13 16:07:00,Mock text for 2024-06-13,NEGATIVE,0.8
2024-06-13 12:05:00,Mock text for 2024-06-13,POSITIVE,0.76
2024-06-14 15:42:00,Mock text for 2024-06-14,NEGATIVE,0.94
2024-06-14 16:03:00,Mock text for 2024-06-14,POSITIVE,0.8
2024-06-14 21:49:00,Mock text for 2024-06-14,NEUTRAL,0.84
2024-06-14 04:34:00,Mock text for 2024-06-14,NEUTRAL,0.93
2024-06-14 14:49:00,Mock text for 2024-06-14,POSITIVE,0.75
2024-06-14 15:09:00,Mock text for 2024-06-14,POSITIVE,0.8
2024-06-14 03:50:00,Mock text for 2024-06-14,POSITIVE,0.97
2024-06-15 20:19:00,Mock text for 2024-06-15,POSITIVE,0.97
2024-06-15 09:39:00,Mock text for 2024-06-15,POSITIVE,0.82
2024-06-15 06:49:00,Mock text for 2024-06-15,NEUTRAL,0.91
2024-06-15 07:17:00,Mock text for 2024-06-15,NEGATIVE,0.96
2024-06-15 17:11:00,Mock text for 2024-06-15,NEUTRAL,0.88
2024-06-15 21:33:00,Mock text for 2024-06-15,NEGATIVE,0.78
2024-06-15 18:22:00,Mock text for 2024-06-15,NEUTRAL,1.0
2024-06-16 02:53:00,Mock text for 2024-06-16,NEUTRAL,0.87
2024-06-16 11:16:00,Mock text for 2024-06-16,NEGATIVE,0.83
2024-06-16 09:11:00,Mock text for 2024-06-16,NEGATIVE,0.89
2024-06-16 21:49:00,Mock text for 2024-06-16,POSITIVE,0.81
2024-06-17 06:35:00,Mock text for 2024-06-17,POSITIVE,0.77
2024-06-17 06:40:00,Mock text for 2024-06-17,NEGATIVE,0.98
2024-06-17 05:48:00,Mock text for 2024-06-17,NEGATIVE,0.89
2024-06-17 05:39:00,Mock text for 2024-06-17,NEUTRAL,0.86
2024-06-17 01:01:00,Mock text for 2024-06-17,NEUTRAL,0.8
2024-06-17 00:20:00,Mock text for 2024-06-17,NEGATIVE,0.93
2024-06-17 08:47:00,Mock text for 2024-06-17,NEGATIVE,0.89
2024-06-18 15:46:00,Mock text for 2024-06-18,NEGATIVE,0.72
2024-06-18 06:37:00,Mock text for 2024-06-18,NEGATIVE,0.94
2024-06-18 07:23:00,Mock text for 2024-06-18,NEUTRAL,0.95
2024-06-18 01:28:00,Mock text for 2024-06-18,NEUTRAL,0.99
2024-06-18 10:27:00,Mock text for 2024-06-18,NEGATIVE,0.7
2024-06-18 17:46:00,Mock text for 2024-06-18,NEGATIVE,0.9
2024-06-19 05:23:00,Mock text for 2024-06-19,NEGATIVE,0.85
2024-06-19 05:22:00,Mock text for 2024-06-19,POSITIVE,0.95
2024-06-19 02:36:00,Mock text for 2024-06-19,NEGATIVE,0.97
2024-06-19 09:06:00,Mock text for 2024-06-19,POSITIVE,0.86
2024-06-19 18:31:00,Mock text for 2024-06-19,NEGATIVE,0.8
2024-06-19 01:31:00,Mock text for 2024-06-19,POSITIVE,0.87
2024-06-20 12:24:00,Mock text for 2024-06-20,NEUTRAL,0.86
2024-06-20 08:42:00,Mock text for 2024-06-20,NEUTRAL,0.99
2024-06-20 04:31:00,Mock text for 2024-06-20,POSITIVE,0.86
2024-06-20 05:19:00,Mock text for 2024-06-20,NEUTRAL,0.84
2024-06-20 14:56:00,Mock text for 2024-06-20,NEUTRAL,0.85
2024-06-20 01:09:00,Mock text for 2024-06-20,NEGATIVE,0.72
2024-06-20 18:14:00,Mock text for 2024-06-20,POSITIVE,0.75
2024-06-21 20:14:00,Mock text for 2024-06-21,NEUTRAL,0.89
2024-06-21 14:08:00,Mock text for 2024-06-21,POSITIVE,0.93
2024-06-21 15:50:00,Mock text for 2024-06-21,NEUTRAL,0.99
2024-06-22 23:19:00,Mock text for 2024-06-22,NEUTRAL,0.77
2024-06-22 11:03:00,Mock text for 2024-06-22,NEGATIVE,1.0
2024-06-22 21:51:00,Mock text for 2024-06-22,POSITIVE,0.74
2024-06-22 06:54:00,Mock text for 2024-06-22,NEGATIVE,0.87
2024-06-22 12:56:00,Mock text for 2024-06-22,NEGATIVE,0.81
2024-06-22 22:33:00,Mock text for 2024-06-22,NEUTRAL,1.0
2024-06-22 05:41:00,Mock text for 2024-06-22,NEGATIVE,0.76
2024-06-23 08:50:00,Mock text for 2024-06-23,POSITIVE,0.91
2024-06-23 11:50:00,Mock text for 2024-06-23,NEGATIVE,0.73
2024-06-23 06:43:00,Mock text for 2024-06-23,POSITIVE,0.96
2024-06-23 08:08:00,Mock text for 2024-06-23,NEGATIVE,0.83
2024-06-24 15:56:00,Mock text for 2024-06-24,POSITIVE,0.7
2024-06-24 06:02:00,Mock text for 2024-06-24,POSITIVE,0.85
2024-06-24 16:39:00,Mock text for 2024-06-24,POSITIVE,0.73
2024-06-25 07:20:00,Mock text for 2024-06-25,NEUTRAL,0.92
2024-06-25 13:48:00,Mock text for 2024-06-25,POSITIVE,0.83
2024-06-25 10:31:00,Mock text for 2024-06-25,NEGATIVE,0.75
2024-06-26 08:53:00,Mock text for 2024-06-26,NEGATIVE,0.98
2024-06-26 23:23:00,Mock text for 2024-06-26,POSITIVE,0.93
2024-06-26 03:50:00,Mock text for 2024-06-26,NEGATIVE,0.92
2024-06-27 07:01:00,Mock text for 2024-06-27,NEUTRAL,0.98
2024-06-27 08:35:00,Mock text for 2024-06-27,NEUTRAL,0.84
2024-06-27 22:17:00,Mock text for 2024-06-27,POSITIVE,0.76
2024-06-27 17:55:00,Mock text for 2024-06-27,NEUTRAL,0.87
2024-06-27 10:56:00,Mock text for 2024-06-27,NEGATIVE,0.72
2024-06-27 12:36:00,Mock text for 2024-06-27,POSITIVE,0.99
2024-06-28 15:40:00,Mock text for 2024-06-28,NEUTRAL,0.76
2024-06-28 19:05:00,Mock text for 2024-06-28,POSITIVE,0.78
2024-06-28 17:19:00,Mock text for 2024-06-28,NEGATIVE,0.74
2024-06-28 23:28:00,Mock text for 2024-06-28,NEGATIVE,0.9
2024-06-28 11:43:00,Mock text for 2024-06-28,NEUTRAL,0.97
2024-06-28 13:50:00,Mock text for 2024-06-28,POSITIVE,0.97
2024-06-29 07:54:00,Mock text for 2024-06-29,NEGATIVE,0.77
2024-06-29 15:31:00,Mock text for 2024-06-29,NEGATIVE,0.79
2024-06-29 18:15:00,Mock text for 2024-06-29,NEUTRAL,0.95
2024-06-30 23:56:00,Mock text for 2024-06-30,NEUTRAL,0.72
2024-06-30 10:00:00,Mock text for 2024-06-30,POSITIVE,0.96
2024-06-30 03:09:00,Mock text for 2024-06-30,NEUTRAL,0.94
2024-06-30 02:28:00,Mock text for 2024-06-30,NEUTRAL,0.97
2024-07-01 00:54:00,Mock text for 2024-07-01,NEGATIVE,0.94
2024-07-01 05:59:00,Mock text for 2024-07-01,POSITIVE,0.95
2024-07-01 17:22:00,Mock text for 2024-07-01,NEUTRAL,0.85
2024-07-01 08:49:00,Mock text for 2024-07-01,NEUTRAL,0.88
2024-07-01 21:52:00,Mock text for 2024-07-01,POSITIVE,0.88
2024-07-01 23:24:00,Mock text for 2024-07-01,NEGATIVE,0.96
2024-07-01 03:47:00,Mock text for 2024-07-01,NEUTRAL,0.94
2024-07-02 02:48:00,Mock text for 2024-07-02,POSITIVE,0.84
2024-07-02 17:54:00,Mock text for 2024-07-02,NEUTRAL,0.9
2024-07-02 23:13:00,Mock text for 2024-07-02,POSITIVE,0.83
2024-07-02 11:23:00,Mock text for 2024-07-02,NEUTRAL,0.79
2024-07-02 03:13:00,Mock text for 2024-07-02,NEUTRAL,0.8
2024-07-02 09:45:00,Mock text for 2024-07-02,POSITIVE,0.88
2024-07-02 00:51:00,Mock text for 2024-07-02,POSITIVE,0.8
2024-07-03 19:40:00,Mock text for 2024-07-03,POSITIVE,0.96
2024-07-03 00:00:00,Mock text for 2024-07-03,NEUTRAL,0.76
2024-07-03 04:52:00,Mock text for 2024-07-03,NEUTRAL,0.87
2024-07-04 19:40:00,Mock text for 2024-07-04,POSITIVE,0.84
2024-07-04 20:04:00,Mock text for 2024-07-04,NEUTRAL,0.99
2024-07-04 19:31:00,Mock text for 2024-07-04,POSITIVE,0.82
2024-07-04 09:39:00,Mock text for 2024-07-04,NEGATIVE,0.98
2024-07-04 19:20:00,Mock text for 2024-07-04,NEUTRAL,0.79
2024-07-04 20:40:00,Mock text for 2024-07-04,NEUTRAL,0.98
2024-07-04 07:26:00,Mock text for 2024-07-04,POSITIVE,0.8
2024-07-05 01:56:00,Mock text for 2024-07-05,POSITIVE,0.83
2024-07-05 17:43:00,Mock text for 2024-07-05,NEGATIVE,0.75
2024-07-05 21:22:00,Mock text for 2024-07-05,POSITIVE,0.93
2024-07-05 23:29:00,Mock text for 2024-07-05,POSITIVE,0.75
2024-07-05 23:13:00,Mock text for 2024-07-05,POSITIVE,0.98
2024-07-05 14:10:00,Mock text for 2024-07-05,POSITIVE,0.87
2024-07-06 08:17:00,Mock text for 2024-07-06,POSITIVE,0.98
2024-07-06 07:39:00,Mock text for 2024-07-06,NEGATIVE,0.98
2024-07-06 21:30:00,Mock text for 2024-07-06,NEUTRAL,0.9
2024-07-06 06:02:00,Mock text for 2024-07-06,POSITIVE,0.72
2024-07-07 15:25:00,Mock text for 2024-07-07,POSITIVE,0.82
2024-07-07 16:41:00,Mock text for 2024-07-07,NEGATIVE,0.84
2024-07-07 02:35:00,Mock text for 2024-07-07,NEUTRAL,0.72
2024-07-08 18:05:00,Mock text for 2024-07-08,NEGATIVE,0.82
2024-07-08 11:17:00,Mock text for 2024-07-08,NEUTRAL,0.74
2024-07-08 10:15:00,Mock text for 2024-07-08,POSITIVE,0.87
2024-07-08 01:59:00,Mock text for 2024-07-08,POSITIVE,0.71
2024-07-08 01:58:00,Mock text for 2024-07-08,NEUTRAL,0.91
2024-07-09 02:33:00,Mock text for 2024-07-09,NEUTRAL,0.77
2024-07-09 21:29:00,Mock text for 2024-07-09,NEGATIVE,0.81
2024-07-09 05:31:00,Mock text for 2024-07-09,NEUTRAL,0.86
2024-07-09 03:36:00,Mock text for 2024-07-09,POSITIVE,0.92
2024-07-09 15:12:00,Mock text for 2024-07-09,NEGATIVE,0.79
2024-07-10 22:03:00,Mock text for 2024-07-10,NEGATIVE,0.99
2024-07-10 19:53:00,Mock text for 2024-07-10,POSITIVE,0.75
2024-07-10 11:32:00,Mock text for 2024-07-10,NEUTRAL,0.77
2024-07-10 16:24:00,Mock text for 2024-07-10,NEGATIVE,0.91
2024-07-10 22:12:00,Mock text for 2024-07-10,NEGATIVE,0.84
2024-07-10 10:08:00,Mock text for 2024-07-10,POSITIVE,0.71
2024-07-10 11:42:00,Mock text for 2024-07-10,NEGATIVE,0.94
2024-07-11 03:11:00,Mock text for 2024-07-11,POSITIVE,0.95
2024-07-11 13:51:00,Mock text for 2024-07-11,NEUTRAL,0.83
2024-07-11 17:04:00,Mock text for 2024-07-11,NEUTRAL,0.92
2024-07-11 19:23:00,Mock text for 2024-07-11,POSITIVE,0.77
2024-07-11 13:35:00,Mock text for 2024-07-11,POSITIVE,0.74
2024-07-11 03:59:00,Mock text for 2024-07-11,POSITIVE,0.97
2024-07-12 06:27:00,Mock text for 2024-07-12,NEGATIVE,0.75
2024-07-12 20:16:00,Mock text for 2024-07-12,NEGATIVE,0.97
2024-07-12 09:06:00,Mock text for 2024-07-12,POSITIVE,0.92
2024-07-12 17:38:00,Mock text for 2024-07-12,NEUTRAL,0.83
2024-07-12 06:20:00,Mock text for 2024-07-12,POSITIVE,0.99
2024-07-12 01:43:00,Mock text for 2024-07-12,NEGATIVE,0.96
2024-07-13 14:29:00,Mock text for 2024-07-13,POSITIVE,0.94
2024-07-13 02:40:00,Mock text for 2024-07-13,NEUTRAL,0.71
2024-07-13 21:44:00,Mock text for 2024-07-13,NEGATIVE,0.88
2024-07-13 11:01:00,Mock text for 2024-07-13,POSITIVE,0.74
2024-07-13 19:28:00,Mock text for 2024-07-13,POSITIVE,0.74
2024-07-14 15:06:00,Mock text for 2024-07-14,NEGATIVE,0.99
2024-07-14 17:28:00,Mock text for 2024-07-14,POSITIVE,0.88
2024-07-14 19:04:00,Mock text for 2024-07-14,POSITIVE,0.71
2024-07-15 00:39:00,Mock text for 2024-07-15,POSITIVE,0.84
2024-07-15 22:12:00,Mock text for 2024-07-15,NEGATIVE,0.74
2024-07-15 20:28:00,Mock text for 2024-07-15,NEGATIVE,0.9
2024-07-15 18:04:00,Mock text for 2024-07-15,POSITIVE,0.7
2024-07-15 01:10:00,Mock text for 2024-07-15,POSITIVE,0.96
2024-07-16 07:27:00,Mock text for 2024-07-16,NEGATIVE,0.88
2024-07-16 20:55:00,Mock text for 2024-07-16,NEUTRAL,0.76
2024-07-16 21:42:00,Mock text for 2024-07-16,POSITIVE,0.85
2024-07-16 16:51:00,Mock text for 2024-07-16,POSITIVE,0.73
2024-07-16 20:52:00,Mock text for 2024-07-16,NEGATIVE,0.84
2024-07-16 19:45:00,Mock text for 2024-07-16,POSITIVE,0.93
2024-07-17 02:23:00,Mock text for 2024-07-17,NEGATIVE,0.94
2024-07-17 21:10:00,Mock text for 2024-07-17,POSITIVE,0.89
2024-07-17 04:25:00,Mock text for 2024-07-17,NEUTRAL,0.99
2024-07-17 18:44:00,Mock text for 2024-07-17,NEGATIVE,0.7
2024-07-17 11:07:00,Mock text for 2024-07-17,NEUTRAL,0.71
2024-07-17 06:34:00,Mock text for 2024-07-17,POSITIVE,0.95
2024-07-18 08:21:00,Mock text for 2024-07-18,POSITIVE,0.88
2024-07-18 12:31:00,Mock text for 2024-07-18,POSITIVE,0.95
2024-07-18 19:45:00,Mock text for 2024-07-18,NEGATIVE,0.91
2024-07-18 00:44:00,Mock text for 2024-07-18,POSITIVE,0.88
2024-07-18 04:48:00,Mock text for 2024-07-18,POSITIVE,0.94
2024-07-18 13:41:00,Mock text for 2024-07-18,NEGATIVE,0.71
2024-07-18 06:04:00,Mock text for 2024-07-18,NEUTRAL,0.9
2024-07-19 16:44:00,Mock text for 2024-07-19,NEUTRAL,0.87
2024-07-19 05:57:00,Mock text for 2024-07-19,POSITIVE,0.79
2024-07-19 09:27:00,Mock text for 2024-07-19,NEUTRAL,0.98
2024-07-19 09:47:00,Mock text for 2024-07-19,NEGATIVE,0.97
2024-07-19 12:27:00,Mock text for 2024-07-19,NEUTRAL,0.92
2024-07-19 22:28:00,Mock text for 2024-07-19,NEUTRAL,0.84
2024-07-19 19:12:00,Mock text for 2024-07-19,POSITIVE,0.77
2024-07-20 09:02:00,Mock text for 2024-07-20,NEUTRAL,0.91
2024-07-20 06:12:00,Mock text for 2024-07-20,NEUTRAL,0.83
2024-07-20 10:52:00,Mock text for 2024-07-20,NEGATIVE,0.79
2024-07-20 06:27:00,Mock text for 2024-07-20,POSITIVE,0.85
2024-07-20 10:09:00,Mock text for 2024-07-20,NEUTRAL,0.77
2024-07-20 00:21:00,Mock text for 2024-07-20,POSITIVE,0.94
2024-07-20 16:09:00,Mock text for 2024-07-20,NEUTRAL,0.89
2024-07-21 13:30:00,Mock text for 2024-07-21,POSITIVE,0.85
2024-07-21 07:27:00,Mock text for 2024-07-21,POSITIVE,0.88
2024-07-21 01:29:00,Mock text for 2024-07-21,NEUTRAL,0.98
2024-07-21 04:47:00,Mock text for 2024-07-21,NEUTRAL,0.86
2024-07-21 02:16:00,Mock text for 2024-07-21,NEUTRAL,0.81
2024-07-21 14:48:00,Mock text for 2024-07-21,NEUTRAL,0.92
2024-07-21 00:58:00,Mock text for 2024-07-21,NEGATIVE,0.91
2024-07-22 14:47:00,Mock text for 2024-07-22,NEUTRAL,0.93
2024-07-22 16:29:00,Mock text for 2024-07-22,NEUTRAL,0.93
2024-07-22 23:24:00,Mock text for 2024-07-22,POSITIVE,0.95
2024-07-22 16:09:00,Mock text for 2024-07-22,POSITIVE,0.74
2024-07-22 17:01:00,Mock text for 2024-07-22,NEGATIVE,0.93
2024-07-22 18:16:00,Mock text for 2024-07-22,NEUTRAL,0.77
2024-07-23 15:17:00,Mock text for 2024-07-23,NEGATIVE,0.7
2024-07-23 05:54:00,Mock text for 2024-07-23,NEGATIVE,0.77
2024-07-23 14:16:00,Mock text for 2024-07-23,NEGATIVE,0.76
2024-07-23 02:27:00,Mock text for 2024-07-23,NEGATIVE,0.95
2024-07-23 22:43:00,Mock text for 2024-07-23,NEGATIVE,0.91
2024-07-24 11:53:00,Mock text for 2024-07-24,NEUTRAL,0.91
2024-07-24 05:10:00,Mock text for 2024-07-24,POSITIVE,0.73
2024-07-24 12:54:00,Mock text for 2024-07-24,NEUTRAL,0.91
2024-07-24 12:31:00,Mock text for 2024-07-24,NEUTRAL,0.89
2024-07-24 15:28:00,Mock text for 2024-07-24,POSITIVE,0.97
2024-07-25 19:58:00,Mock text for 2024-07-25,POSITIVE,0.95
2024-07-25 12:11:00,Mock text for 2024-07-25,POSITIVE,0.72
2024-07-25 02:53:00,Mock text for 2024-07-25,NEUTRAL,0.79
2024-07-25 10:24:00,Mock text for 2024-07-25,NEUTRAL,0.74
2024-07-26 02:37:00,Mock text for 2024-07-26,NEUTRAL,0.85
2024-07-26 20:24:00,Mock text for 2024-07-26,POSITIVE,0.91
2024-07-26 00:37:00,Mock text for 2024-07-26,NEUTRAL,0.86
2024-07-26 12:32:00,Mock text for 2024-07-26,NEGATIVE,0.93
2024-07-26 08:48:00,Mock text for 2024-07-26,NEUTRAL,0.86
2024-07-26 13:33:00,Mock text for 2024-07-26,NEGATIVE,0.7
2024-07-27 13:16:00,Mock text for 2024-07-27,NEGATIVE,0.75
2024-07-27 10:52:00,Mock text for 2024-07-27,NEUTRAL,0.93
2024-07-27 21:05:00,Mock text for 2024-07-27,NEGATIVE,0.77
2024-07-27 18:12:00,Mock text for 2024-07-27,NEGATIVE,0.92
2024-07-27 14:05:00,Mock text for 2024-07-27,NEUTRAL,0.99
2024-07-28 08:43:00,Mock text for 2024-07-28,NEGATIVE,0.98
2024-07-28 01:31:00,Mock text for 2024-07-28,NEGATIVE,0.77
2024-07-28 17:35:00,Mock text for 2024-07-28,NEUTRAL,0.93
2024-07-28 23:52:00,Mock text for 2024-07-28,NEGATIVE,0.7
2024-07-29 10:18:00,Mock text for 2024-07-29,NEUTRAL,0.99
2024-07-29 11:54:00,Mock text for 2024-07-29,NEUTRAL,0.87
2024-07-29 07:27:00,Mock text for 2024-07-29,NEUTRAL,0.78
2024-07-30 21:27:00,Mock text for 2024-07-30,NEUTRAL,0.76
2024-07-30 02:31:00,Mock text for 2024-07-30,NEGATIVE,0.71
2024-07-30 18:50:00,Mock text for 2024-07-30,POSITIVE,0.98
2024-07-30 06:11:00,Mock text for 2024-07-30,NEGATIVE,0.97
2024-07-30 21:06:00,Mock text for 2024-07-30,NEGATIVE,0.74
2024-07-30 06:01:00,Mock text for 2024-07-30,NEUTRAL,0.98
2024-07-31 04:41:00,Mock text for 2024-07-31,NEUTRAL,0.93
2024-07-31 05:01:00,Mock text for 2024-07-31,POSITIVE,0.83
2024-07-31 14:50:00,Mock text for 2024-07-31,POSITIVE,0.78
2024-07-31 22:19:00,Mock text for 2024-07-31,NEUTRAL,0.94
2024-07-31 10:10:00,Mock text for 2024-07-31,NEGATIVE,0.88
2024-07-31 07:32:00,Mock text for 2024-07-31,POSITIVE,0.76
2024-08-01 22:50:00,Mock text for 2024-08-01,NEUTRAL,0.71
2024-08-01 14:29:00,Mock text for 2024-08-01,NEUTRAL,0.87
2024-08-01 04:03:00,Mock text for 2024-08-01,NEUTRAL,0.83
2024-08-01 12:19:00,Mock text for 2024-08-01,POSITIVE,0.91
2024-08-01 12:13:00,Mock text for 2024-08-01,NEGATIVE,0.76
2024-08-01 15:09:00,Mock text for 2024-08-01,NEGATIVE,0.98
2024-08-01 23:41:00,Mock text for 2024-08-01,POSITIVE,0.9
2024-08-02 05:21:00,Mock text for 2024-08-02,POSITIVE,0.94
2024-08-02 20:01:00,Mock text for 2024-08-02,NEUTRAL,0.88
2024-08-02 18:42:00,Mock text for 2024-08-02,NEUTRAL,0.81
2024-08-02 17:35:00,Mock text for 2024-08-02,NEUTRAL,0.78
2024-08-02 23:58:00,Mock text for 2024-08-02,POSITIVE,0.89
2024-08-03 12:26:00,Mock text for 2024-08-03,NEGATIVE,0.74
2024-08-03 17:05:00,Mock text for 2024-08-03,POSITIVE,0.86
2024-08-03 02:17:00,Mock text for 2024-08-03,POSITIVE,0.86
2024-08-03 16:44:00,Mock text for 2024-08-03,NEUTRAL,1.0
2024-08-03 18:25:00,Mock text for 2024-08-03,POSITIVE,0.91
2024-08-04 21:20:00,Mock text for 2024-08-04,NEUTRAL,0.89
2024-08-04 17:22:00,Mock text for 2024-08-04,POSITIVE,0.8
2024-08-04 19:54:00,Mock text for 2024-08-04,POSITIVE,0.75
2024-08-04 22:33:00,Mock text for 2024-08-04,NEUTRAL,0.94
2024-08-04 05:41:00,Mock text for 2024-08-04,NEUTRAL,0.91
2024-08-04 20:45:00,Mock text for 2024-08-04,NEGATIVE,0.92
2024-08-05 02:16:00,Mock text for 2024-08-05,POSITIVE,0.93
2024-08-05 11:33:00,Mock text for 2024-08-05,NEUTRAL,0.73
2024-08-05 11:39:00,Mock text for 2024-08-05,POSITIVE,0.85
2024-08-06 12:33:00,Mock text for 2024-08-06,POSITIVE,0.87
2024-08-06 13:40:00,Mock text for 2024-08-06,NEUTRAL,0.77
2024-08-06 08:50:00,Mock text for 2024-08-06,POSITIVE,0.97
2024-08-06 18:41:00,Mock text for 2024-08-06,NEUTRAL,0.77
2024-08-06 20:51:00,Mock text for 2024-08-06,POSITIVE,0.92
2024-08-06 10:32:00,Mock text for 2024-08-06,NEUTRAL,0.94
2024-08-07 11:53:00,Mock text for 2024-08-07,NEGATIVE,0.81
2024-08-07 16:33:00,Mock text for 2024-08-07,POSITIVE,0.91
2024-08-07 22:42:00,Mock text for 2024-08-07,POSITIVE,0.81
2024-08-07 04:31:00,Mock text for 2024-08-07,NEUTRAL,0.84
2024-08-07 07:23:00,Mock text for 2024-08-07,NEGATIVE,0.91
2024-08-08 23:33:00,Mock text for 2024-08-08,NEGATIVE,0.99
2024-08-08 18:15:00,Mock text for 2024-08-08,POSITIVE,0.94
2024-08-08 04:06:00,Mock text for 2024-08-08,POSITIVE,0.73
2024-08-08 07:18:00,Mock text for 2024-08-08,POSITIVE,0.72
2024-08-08 19:49:00,Mock text for 2024-08-08,POSITIVE,0.89
2024-08-08 14:06:00,Mock text for 2024-08-08,POSITIVE,0.87
2024-08-09 15:55:00,Mock text for 2024-08-09,NEUTRAL,1.0
2024-08-09 01:51:00,Mock text for 2024-08-09,NEUTRAL,0.84
2024-08-09 21:04:00,Mock text for 2024-08-09,POSITIVE,0.91
2024-08-09 02:12:00,Mock text for 2024-08-09,NEGATIVE,0.78
2024-08-10 19:05:00,Mock text for 2024-08-10,NEGATIVE,0.92
2024-08-10 08:55:00,Mock text for 2024-08-10,NEUTRAL,0.82
2024-08-10 20:40:00,Mock text for 2024-08-10,NEUTRAL,0.93
2024-08-10 23:56:00,Mock text for 2024-08-10,POSITIVE,0.98
2024-08-10 01:18:00,Mock text for 2024-08-10,NEUTRAL,0.99
2024-08-11 06:20:00,Mock text for 2024-08-11,POSITIVE,0.87
2024-08-11 17:51:00,Mock text for 2024-08-11,POSITIVE,0.99
2024-08-11 22:04:00,Mock text for 2024-08-11,NEUTRAL,0.83
2024-08-11 19:55:00,Mock text for 2024-08-11,POSITIVE,0.79
2024-08-12 06:28:00,Mock text for 2024-08-12,NEGATIVE,0.73
2024-08-12 21:02:00,Mock text for 2024-08-12,NEUTRAL,0.77
2024-08-12 20:28:00,Mock text for 2024-08-12,NEUTRAL,0.85
2024-08-13 14:58:00,Mock text for 2024-08-13,NEUTRAL,0.73
2024-08-13 00:49:00,Mock text for 2024-08-13,NEGATIVE,0.72
2024-08-13 23:43:00,Mock text for 2024-08-13,NEUTRAL,0.79
2024-08-13 07:48:00,Mock text for 2024-08-13,NEGATIVE,0.94
2024-08-13 16:10:00,Mock text for 2024-08-13,NEGATIVE,0.84
2024-08-13 14:14:00,Mock text for 2024-08-13,NEGATIVE,0.9
2024-08-13 17:33:00,Mock text for 2024-08-13,NEUTRAL,0.74
2024-08-14 06:04:00,Mock text for 2024-08-14,POSITIVE,0.86
2024-08-14 14:01:00,Mock text for 2024-08-14,NEGATIVE,0.82
2024-08-14 01:37:00,Mock text for 2024-08-14,POSITIVE,0.86
2024-08-14 11:35:00,Mock text for 2024-08-14,NEGATIVE,0.74
2024-08-14 07:05:00,Mock text for 2024-08-14,POSITIVE,0.94
2024-08-14 09:34:00,Mock text for 2024-08-14,NEUTRAL,0.79
2024-08-15 07:02:00,Mock text for 2024-08-15,NEGATIVE,0.79
2024-08-15 07:56:00,Mock text for 2024-08-15,POSITIVE,0.85
2024-08-15 10:15:00,Mock text for 2024-08-15,NEGATIVE,0.87
2024-08-15 21:45:00,Mock text for 2024-08-15,NEUTRAL,0.83
2024-08-15 17:00:00,Mock text for 2024-08-15,NEGATIVE,0.86
2024-08-16 06:25:00,Mock text for 2024-08-16,NEGATIVE,0.98
2024-08-16 09:57:00,Mock text for 2024-08-16,NEUTRAL,0.72
2024-08-16 19:06:00,Mock text for 2024-08-16,POSITIVE,0.76
2024-08-16 16:53:00,Mock text for 2024-08-16,NEGATIVE,0.72
2024-08-16 18:30:00,Mock text for 2024-08-16,POSITIVE,0.9
2024-08-17 21:40:00,Mock text for 2024-08-17,POSITIVE,0.95
2024-08-17 14:37:00,Mock text for 2024-08-17,NEUTRAL,0.89
2024-08-17 07:55:00,Mock text for 2024-08-17,POSITIVE,0.78
2024-08-17 23:33:00,Mock text for 2024-08-17,POSITIVE,0.93
2024-08-17 09:12:00,Mock text for 2024-08-17,NEGATIVE,0.85
2024-08-17 04:32:00,Mock text for 2024-08-17,NEUTRAL,0.93
2024-08-17 04:58:00,Mock text for 2024-08-17,NEGATIVE,0.95
2024-08-18 02:00:00,Mock text for 2024-08-18,POSITIVE,0.79
2024-08-18 22:57:00,Mock text for 2024-08-18,NEUTRAL,0.89
2024-08-18 04:44:00,Mock text for 2024-08-18,POSITIVE,0.84
2024-08-18 19:37:00,Mock text for 2024-08-18,NEGATIVE,0.71
2024-08-18 15:22:00,Mock text for 2024-08-18,NEUTRAL,0.94
2024-08-18 21:27:00,Mock text for 2024-08-18,NEUTRAL,0.93
2024-08-19 07:56:00,Mock text for 2024-08-19,POSITIVE,0.77
2024-08-19 15:28:00,Mock text for 2024-08-19,NEUTRAL,0.72
2024-08-19 02:32:00,Mock text for 2024-08-19,NEGATIVE,0.85
2024-08-20 01:12:00,Mock text for 2024-08-20,NEGATIVE,0.96
2024-08-20 10:56:00,Mock text for 2024-08-20,NEGATIVE,0.96
2024-08-20 04:32:00,Mock text for 2024-08-20,POSITIVE,0.8
2024-08-20 15:31:00,Mock text for 2024-08-20,NEGATIVE,0.73
2024-08-20 11:03:00,Mock text for 2024-08-20,POSITIVE,0.91
2024-08-21 14:05:00,Mock text for 2024-08-21,NEGATIVE,0.77
2024-08-21 14:34:00,Mock text for 2024-08-21,NEUTRAL,0.93
2024-08-21 07:55:00,Mock text for 2024-08-21,POSITIVE,0.75
2024-08-21 11:34:00,Mock text for 2024-08-21,POSITIVE,0.85
2024-08-21 01:22:00,Mock text for 2024-08-21,POSITIVE,0.84
2024-08-21 01:26:00,Mock text for 2024-08-21,POSITIVE,0.85
2024-08-21 13:17:00,Mock text for 2024-08-21,NEUTRAL,0.82
2024-08-22 22:39:00,Mock text for 2024-08-22,NEUTRAL,0.81
2024-08-22 01:15:00,Mock text for 2024-08-22,NEUTRAL,0.9
2024-08-22 06:28:00,Mock text for 2024-08-22,NEGATIVE,0.8
2024-08-22 21:12:00,Mock text for 2024-08-22,NEUTRAL,0.79
2024-08-22 01:01:00,Mock text for 2024-08-22,NEGATIVE,0.92
2024-08-22 05:43:00,Mock text for 2024-08-22,NEUTRAL,0.76
2024-08-23 05:49:00,Mock text for 2024-08-23,NEUTRAL,0.94
2024-08-23 19:12:00,Mock text for 2024-08-23,POSITIVE,0.77
2024-08-23 00:39:00,Mock text for 2024-08-23,POSITIVE,0.71
2024-08-24 19:42:00,Mock text for 2024-08-24,NEUTRAL,0.96
2024-08-24 03:53:00,Mock text for 2024-08-24,POSITIVE,0.82
2024-08-24 23:53:00,Mock text for 2024-08-24,NEUTRAL,0.98
2024-08-24 02:22:00,Mock text for 2024-08-24,NEGATIVE,0.85
2024-08-25 19:14:00,Mock text for 2024-08-25,NEUTRAL,0.9
2024-08-25 00:41:00,Mock text for 2024-08-25,POSITIVE,0.95
2024-08-25 02:57:00,Mock text for 2024-08-25,NEUTRAL,0.73
2024-08-25 01:48:00,Mock text for 2024-08-25,POSITIVE,0.72
2024-08-25 20:49:00,Mock text for 2024-08-25,NEGATIVE,0.84
2024-08-25 22:20:00,Mock text for 2024-08-25,NEUTRAL,0.86
2024-08-26 11:40:00,Mock text for 2024-08-26,NEGATIVE,0.91
2024-08-26 22:07:00,Mock text for 2024-08-26,NEUTRAL,0.79
2024-08-26 00:02:00,Mock text for 2024-08-26,NEGATIVE,0.86
2024-08-27 12:36:00,Mock text for 2024-08-27,NEGATIVE,0.72
2024-08-27 23:30:00,Mock text for 2024-08-27,NEGATIVE,0.82
2024-08-27 15:19:00,Mock text for 2024-08-27,NEGATIVE,0.93
2024-08-27 20:44:00,Mock text for 2024-08-27,POSITIVE,0.9
2024-08-27 09:36:00,Mock text for 2024-08-27,NEGATIVE,0.92
2024-08-28 18:51:00,Mock text for 2024-08-28,NEUTRAL,0.99
2024-08-28 13:18:00,Mock text for 2024-08-28,POSITIVE,0.72
2024-08-28 05:39:00,Mock text for 2024-08-28,NEGATIVE,0.93
2024-08-28 02:09:00,Mock text for 2024-08-28,POSITIVE,0.8
2024-08-29 22:54:00,Mock text for 2024-08-29,POSITIVE,0.87
2024-08-29 21:23:00,Mock text for 2024-08-29,POSITIVE,0.83
2024-08-29 18:29:00,Mock text for 2024-08-29,NEGATIVE,0.76
2024-08-29 19:23:00,Mock text for 2024-08-29,NEGATIVE,0.72
2024-08-30 18:51:00,Mock text for 2024-08-30,NEGATIVE,0.74
2024-08-30 21:01:00,Mock text for 2024-08-30,NEUTRAL,0.97
2024-08-30 15:48:00,Mock text for 2024-08-30,NEUTRAL,0.73
2024-08-30 06:24:00,Mock text for 2024-08-30,NEUTRAL,0.75
2024-08-30 00:48:00,Mock text for 2024-08-30,NEGATIVE,0.99
2024-08-30 12:40:00,Mock text for 2024-08-30,POSITIVE,0.98
2024-08-31 08:57:00,Mock text for 2024-08-31,NEUTRAL,0.86
2024-08-31 09:26:00,Mock text for 2024-08-31,POSITIVE,0.8
2024-08-31 09:07:00,Mock text for 2024-08-31,NEUTRAL,0.81
2024-08-31 23:53:00,Mock text for 2024-08-31,NEGATIVE,0.87
2024-08-31 20:05:00,Mock text for 2024-08-31,POSITIVE,0.83
2024-08-31 07:47:00,Mock text for 2024-08-31,NEGATIVE,0.87
2024-08-31 02:25:00,Mock text for 2024-08-31,NEGATIVE,0.82
2024-09-01 19:04:00,Mock text for 2024-09-01,POSITIVE,0.96
2024-09-01 19:05:00,Mock text for 2024-09-01,NEGATIVE,0.82
2024-09-01 18:04:00,Mock text for 2024-09-01,POSITIVE,0.76
2024-09-01 09:40:00,Mock text for 2024-09-01,NEUTRAL,0.76
2024-09-01 12:04:00,Mock text for 2024-09-01,NEUTRAL,0.79
2024-09-01 09:09:00,Mock text for 2024-09-01,NEGATIVE,0.83
2024-09-01 17:06:00,Mock text for 2024-09-01,NEGATIVE,0.82
2024-09-02 18:38:00,Mock text for 2024-09-02,POSITIVE,0.96
2024-09-02 04:10:00,Mock text for 2024-09-02,NEUTRAL,0.79
2024-09-02 01:27:00,Mock text for 2024-09-02,NEGATIVE,0.98
2024-09-03 14:37:00,Mock text for 2024-09-03,NEUTRAL,0.95
2024-09-03 04:04:00,Mock text for 2024-09-03,POSITIVE,0.87
2024-09-03 23:54:00,Mock text for 2024-09-03,POSITIVE,0.97
2024-09-03 15:41:00,Mock text for 2024-09-03,NEUTRAL,0.79
2024-09-03 06:16:00,Mock text for 2024-09-03,NEGATIVE,0.74
2024-09-03 07:12:00,Mock text for 2024-09-03,POSITIVE,0.76
2024-09-03 00:04:00,Mock text for 2024-09-03,NEUTRAL,0.72
2024-09-04 16:01:00,Mock text for 2024-09-04,NEUTRAL,0.84
2024-09-04 01:02:00,Mock text for 2024-09-04,NEUTRAL,0.83
2024-09-04 18:50:00,Mock text for 2024-09-04,POSITIVE,0.83
2024-09-05 22:36:00,Mock text for 2024-09-05,NEGATIVE,0.86
2024-09-05 20:36:00,Mock text for 2024-09-05,NEUTRAL,0.9
2024-09-05 20:56:00,Mock text for 2024-09-05,POSITIVE,0.82
2024-09-05 18:52:00,Mock text for 2024-09-05,NEUTRAL,0.85
2024-09-05 07:01:00,Mock text for 2024-09-05,POSITIVE,0.85
2024-09-06 12:23:00,Mock text for 2024-09-06,NEUTRAL,0.79
2024-09-06 17:48:00,Mock text for 2024-09-06,NEUTRAL,0.78
2024-09-06 04:46:00,Mock text for 2024-09-06,POSITIVE,0.96
2024-09-06 23:17:00,Mock text for 2024-09-06,NEUTRAL,0.99
2024-09-06 01:18:00,Mock text for 2024-09-06,POSITIVE,0.84
2024-09-07 17:51:00,Mock text for 2024-09-07,NEUTRAL,0.94
2024-09-07 19:07:00,Mock text for 2024-09-07,NEUTRAL,0.97
2024-09-07 14:38:00,Mock text for 2024-09-07,NEGATIVE,0.98
2024-09-07 12:57:00,Mock text for 2024-09-07,NEGATIVE,0.8
2024-09-07 04:16:00,Mock text for 2024-09-07,NEGATIVE,0.88
2024-09-07 16:54:00,Mock text for 2024-09-07,NEGATIVE,0.74
2024-09-07 04:30:00,Mock text for 2024-09-07,NEGATIVE,0.8
2024-09-08 14:49:00,Mock text for 2024-09-08,NEGATIVE,0.74
2024-09-08 05:00:00,Mock text for 2024-09-08,NEGATIVE,0.93
2024-09-08 20:00:00,Mock text for 2024-09-08,POSITIVE,0.95
2024-09-08 05:04:00,Mock text for 2024-09-08,NEGATIVE,0.72
2024-09-08 06:12:00,Mock text for 2024-09-08,NEUTRAL,0.89
2024-09-08 06:46:00,Mock text for 2024-09-08,POSITIVE,0.91
2024-09-08 21:14:00,Mock text for 2024-09-08,NEGATIVE,0.84
2024-09-09 16:49:00,Mock text for 2024-09-09,NEUTRAL,0.99
2024-09-09 06:32:00,Mock text for 2024-09-09,NEGATIVE,0.84
2024-09-09 15:06:00,Mock text for 2024-09-09,NEUTRAL,0.92
2024-09-09 12:41:00,Mock text for 2024-09-09,NEUTRAL,0.86
2024-09-09 09:18:00,Mock text for 2024-09-09,NEGATIVE,0.91
2024-09-10 03:49:00,Mock text for 2024-09-10,NEUTRAL,0.9
2024-09-10 06:57:00,Mock text for 2024-09-10,POSITIVE,0.98
2024-09-10 12:51:00,Mock text for 2024-09-10,NEUTRAL,0.94
2024-09-10 22:43:00,Mock text for 2024-09-10,NEUTRAL,0.85
2024-09-11 15:05:00,Mock text for 2024-09-11,NEUTRAL,0.84
2024-09-11 05:53:00,Mock text for 2024-09-11,NEGATIVE,0.87
2024-09-11 14:24:00,Mock text for 2024-09-11,NEGATIVE,0.85
2024-09-11 17:56:00,Mock text for 2024-09-11,NEGATIVE,0.95
2024-09-12 15:52:00,Mock text for 2024-09-12,NEGATIVE,0.83
2024-09-12 03:08:00,Mock text for 2024-09-12,NEUTRAL,0.73
2024-09-12 09:23:00,Mock text for 2024-09-12,POSITIVE,0.76
2024-09-12 13:06:00,Mock text for 2024-09-12,POSITIVE,0.76
2024-09-12 04:31:00,Mock text for 2024-09-12,POSITIVE,0.77
2024-09-12 12:28:00,Mock text for 2024-09-12,POSITIVE,0.92
2024-09-12 22:45:00,Mock text for 2024-09-12,POSITIVE,1.0
2024-09-13 04:15:00,Mock text for 2024-09-13,POSITIVE,0.97
2024-09-13 19:54:00,Mock text for 2024-09-13,NEGATIVE,0.92
2024-09-13 08:47:00,Mock text for 2024-09-13,POSITIVE,0.96
2024-09-13 01:50:00,Mock text for 2024-09-13,NEUTRAL,0.88
2024-09-13 17:44:00,Mock text for 2024-09-13,NEUTRAL,0.93
2024-09-14 05:01:00,Mock text for 2024-09-14,POSITIVE,0.91
2024-09-14 08:23:00,Mock text for 2024-09-14,NEUTRAL,0.73
2024-09-14 18:49:00,Mock text for 2024-09-14,POSITIVE,0.78
2024-09-14 01:23:00,Mock text for 2024-09-14,NEUTRAL,0.73
2024-09-14 08:12:00,Mock text for 2024-09-14,NEGATIVE,0.81
2024-09-15 17:45:00,Mock text for 2024-09-15,POSITIVE,0.87
2024-09-15 16:46:00,Mock text for 2024-09-15,POSITIVE,0.94
2024-09-15 16:35:00,Mock text for 2024-09-15,NEGATIVE,0.92
2024-09-15 22:47:00,Mock text for 2024-09-15,NEUTRAL,0.79
2024-09-15 13:32:00,Mock text for 2024-09-15,NEGATIVE,1.0
2024-09-15 01:27:00,Mock text for 2024-09-15,NEUTRAL,0.78
2024-09-15 08:35:00,Mock text for 2024-09-15,POSITIVE,0.88
2024-09-16 10:36:00,Mock text for 2024-09-16,NEUTRAL,0.7
2024-09-16 17:16:00,Mock text for 2024-09-16,NEGATIVE,0.88
2024-09-16 06:56:00,Mock text for 2024-09-16,NEUTRAL,0.83
2024-09-16 05:03:00,Mock text for 2024-09-16,NEGATIVE,0.79
2024-09-17 14:28:00,Mock text for 2024-09-17,POSITIVE,0.87
2024-09-17 00:28:00,Mock text for 2024-09-17,NEUTRAL,0.9
2024-09-17 19:55:00,Mock text for 2024-09-17,NEGATIVE,0.92
2024-09-17 19:26:00,Mock text for 2024-09-17,NEGATIVE,0.96
2024-09-17 14:46:00,Mock text for 2024-09-17,NEUTRAL,0.75
2024-09-17 02:07:00,Mock text for 2024-09-17,NEUTRAL,0.88
2024-09-17 16:17:00,Mock text for 2024-09-17,NEGATIVE,0.93
2024-09-18 07:25:00,Mock text for 2024-09-18,NEGATIVE,0.95
2024-09-18 15:26:00,Mock text for 2024-09-18,POSITIVE,0.9
2024-09-18 20:14:00,Mock text for 2024-09-18,NEGATIVE,0.81
2024-09-18 08:20:00,Mock text for 2024-09-18,NEUTRAL,0.75
2024-09-18 04:25:00,Mock text for 2024-09-18,NEGATIVE,0.96
2024-09-18 13:27:00,Mock text for 2024-09-18,NEUTRAL,0.97
2024-09-19 02:53:00,Mock text for 2024-09-19,POSITIVE,0.88
2024-09-19 04:46:00,Mock text for 2024-09-19,NEUTRAL,0.72
2024-09-19 16:27:00,Mock text for 2024-09-19,NEUTRAL,0.81
2024-09-19 21:14:00,Mock text for 2024-09-19,POSITIVE,0.77
2024-09-19 22:49:00,Mock text for 2024-09-19,POSITIVE,0.92
2024-09-20 20:56:00,Mock text for 2024-09-20,POSITIVE,0.77
2024-09-20 22:12:00,Mock text for 2024-09-20,POSITIVE,0.99
2024-09-20 10:21:00,Mock text for 2024-09-20,NEGATIVE,0.75
2024-09-20 16:41:00,Mock text for 2024-09-20,NEGATIVE,0.92
2024-09-20 00:34:00,Mock text for 2024-09-20,NEUTRAL,0.89
2024-09-21 22:14:00,Mock text for 2024-09-21,POSITIVE,0.92
2024-09-21 17:37:00,Mock text for 2024-09-21,NEGATIVE,0.77
2024-09-21 15:46:00,Mock text for 2024-09-21,NEUTRAL,0.85
2024-09-21 21:23:00,Mock text for 2024-09-21,NEUTRAL,0.73
2024-09-22 03:51:00,Mock text for 2024-09-22,NEUTRAL,0.88
2024-09-22 21:12:00,Mock text for 2024-09-22,NEUTRAL,0.92
2024-09-22 02:23:00,Mock text for 2024-09-22,NEGATIVE,0.79
2024-09-22 20:39:00,Mock text for 2024-09-22,NEUTRAL,0.73
2024-09-22 05:47:00,Mock text for 2024-09-22,POSITIVE,0.94
2024-09-23 07:11:00,Mock text for 2024-09-23,NEGATIVE,0.87
2024-09-23 20:49:00,Mock text for 2024-09-23,NEUTRAL,0.75
2024-09-23 00:12:00,Mock text for 2024-09-23,NEGATIVE,0.93
2024-09-23 13:19:00,Mock text for 2024-09-23,POSITIVE,0.8
2024-09-24 13:03:00,Mock text for 2024-09-24,POSITIVE,0.88
2024-09-24 08:07:00,Mock text for 2024-09-24,POSITIVE,0.84
2024-09-24 04:47:00,Mock text for 2024-09-24,NEUTRAL,0.8
2024-09-24 20:25:00,Mock text for 2024-09-24,POSITIVE,0.98
2024-09-24 10:58:00,Mock text for 2024-09-24,POSITIVE,0.86
2024-09-24 17:54:00,Mock text for 2024-09-24,NEUTRAL,0.98
2024-09-25 15:31:00,Mock text for 2024-09-25,NEUTRAL,1.0
2024-09-25 01:16:00,Mock text for 2024-09-25,NEGATIVE,0.81
2024-09-25 19:09:00,Mock text for 2024-09-25,POSITIVE,0.87
2024-09-25 12:01:00,Mock text for 2024-09-25,POSITIVE,0.7
2024-09-25 01:23:00,Mock text for 2024-09-25,NEUTRAL,0.9
2024-09-26 08:16:00,Mock text for 2024-09-26,NEUTRAL,0.82
2024-09-26 08:53:00,Mock text for 2024-09-26,NEGATIVE,0.74
2024-09-26 12:53:00,Mock text for 2024-09-26,NEGATIVE,0.87
2024-09-26 02:51:00,Mock text for 2024-09-26,POSITIVE,0.94
2024-09-26 20:44:00,Mock text for 2024-09-26,POSITIVE,0.87
2024-09-27 03:04:00,Mock text for 2024-09-27,POSITIVE,0.75
2024-09-27 14:32:00,Mock text for 2024-09-27,NEUTRAL,0.91
2024-09-27 15:19:00,Mock text for 2024-09-27,NEUTRAL,0.86
2024-09-27 02:54:00,Mock text for 2024-09-27,NEUTRAL,0.85
2024-09-27 19:06:00,Mock text for 2024-09-27,NEGATIVE,0.77
2024-09-27 06:02:00,Mock text for 2024-09-27,NEGATIVE,0.83
2024-09-27 15:23:00,Mock text for 2024-09-27,NEUTRAL,0.9
2024-09-28 09:37:00,Mock text for 2024-09-28,NEUTRAL,0.79
2024-09-28 13:47:00,Mock text for 2024-09-28,POSITIVE,0.83
2024-09-28 08:26:00,Mock text for 2024-09-28,NEUTRAL,0.74
2024-09-28 06:44:00,Mock text for 2024-09-28,POSITIVE,0.7
2024-09-28 11:12:00,Mock text for 2024-09-28,NEGATIVE,0.82
2024-09-29 12:03:00,Mock text for 2024-09-29,NEUTRAL,0.85
2024-09-29 18:02:00,Mock text for 2024-09-29,POSITIVE,0.7
2024-09-29 21:57:00,Mock text for 2024-09-29,NEGATIVE,0.91
2024-09-29 05:49:00,Mock text for 2024-09-29,NEUTRAL,0.93
2024-09-29 00:52:00,Mock text for 2024-09-29,POSITIVE,0.91
2024-09-29 01:20:00,Mock text for 2024-09-29,POSITIVE,0.9
2024-09-30 20:06:00,Mock text for 2024-09-30,POSITIVE,0.91
2024-09-30 08:20:00,Mock text for 2024-09-30,POSITIVE,0.75
2024-09-30 18:38:00,Mock text for 2024-09-30,POSITIVE,0.89
2024-09-30 22:26:00,Mock text for 2024-09-30,POSITIVE,0.77
2024-10-01 01:32:00,Mock text for 2024-10-01,NEUTRAL,0.99
2024-10-01 17:23:00,Mock text for 2024-10-01,NEGATIVE,0.94
2024-10-01 21:00:00,Mock text for 2024-10-01,NEGATIVE,0.92
2024-10-01 20:58:00,Mock text for 2024-10-01,NEUTRAL,0.88
2024-10-01 12:17:00,Mock text for 2024-10-01,POSITIVE,0.96
2024-10-01 22:32:00,Mock text for 2024-10-01,NEGATIVE,0.92
2024-10-01 08:37:00,Mock text for 2024-10-01,POSITIVE,0.71
2024-10-02 21:07:00,Mock text for 2024-10-02,NEUTRAL,0.77
2024-10-02 13:52:00,Mock text for 2024-10-02,NEGATIVE,0.73
2024-10-02 11:38:00,Mock text for 2024-10-02,NEUTRAL,0.82
2024-10-02 02:29:00,Mock text for 2024-10-02,POSITIVE,0.79
2024-10-02 21:46:00,Mock text for 2024-10-02,NEUTRAL,0.85
2024-10-02 15:45:00,Mock text for 2024-10-02,NEUTRAL,0.79
2024-10-03 13:18:00,Mock text for 2024-10-03,NEGATIVE,0.77
2024-10-03 10:45:00,Mock text for 2024-10-03,POSITIVE,0.74
2024-10-03 12:28:00,Mock text for 2024-10-03,NEGATIVE,0.98
2024-10-03 16:19:00,Mock text for 2024-10-03,NEGATIVE,0.83
2024-10-03 07:58:00,Mock text for 2024-10-03,NEUTRAL,0.74
2024-10-03 03:28:00,Mock text for 2024-10-03,POSITIVE,0.72
2024-10-04 21:13:00,Mock text for 2024-10-04,NEGATIVE,0.96
2024-10-04 22:22:00,Mock text for 2024-10-04,POSITIVE,0.99
2024-10-04 00:42:00,Mock text for 2024-10-04,NEUTRAL,0.99
2024-10-04 02:58:00,Mock text for 2024-10-04,NEUTRAL,0.74
2024-10-05 09:55:00,Mock text for 2024-10-05,NEUTRAL,0.85
2024-10-05 20:47:00,Mock text for 2024-10-05,NEUTRAL,0.79
2024-10-05 06:26:00,Mock text for 2024-10-05,NEGATIVE,0.71
2024-10-05 16:54:00,Mock text for 2024-10-05,NEUTRAL,0.93
2024-10-06 22:11:00,Mock text for 2024-10-06,NEGATIVE,0.98
2024-10-06 06:59:00,Mock text for 2024-10-06,NEUTRAL,0.86
2024-10-06 08:38:00,Mock text for 2024-10-06,NEGATIVE,0.87
2024-10-06 01:17:00,Mock text for 2024-10-06,POSITIVE,0.77
2024-10-06 04:56:00,Mock text for 2024-10-06,POSITIVE,0.77
2024-10-06 07:59:00,Mock text for 2024-10-06,POSITIVE,0.77
2024-10-07 08:24:00,Mock text for 2024-10-07,POSITIVE,0.86
2024-10-07 23:36:00,Mock text for 2024-10-07,NEGATIVE,0.95
2024-10-07 11:24:00,Mock text for 2024-10-07,NEGATIVE,0.75
2024-10-08 02:59:00,Mock text for 2024-10-08,NEUTRAL,0.82
2024-10-08 19:20:00,Mock text for 2024-10-08,NEGATIVE,0.76
2024-10-08 01:55:00,Mock text for 2024-10-08,NEGATIVE,0.9
2024-10-08 20:09:00,Mock text for 2024-10-08,POSITIVE,0.95
2024-10-08 09:38:00,Mock text for 2024-10-08,POSITIVE,0.7
2024-10-09 19:35:00,Mock text for 2024-10-09,NEGATIVE,0.77
2024-10-09 03:01:00,Mock text for 2024-10-09,NEUTRAL,0.79
2024-10-09 22:09:00,Mock text for 2024-10-09,POSITIVE,0.79
2024-10-10 18:05:00,Mock text for 2024-10-10,NEGATIVE,0.96
2024-10-10 19:21:00,Mock text for 2024-10-10,POSITIVE,0.86
2024-10-10 05:38:00,Mock text for 2024-10-10,POSITIVE,0.83
2024-10-10 05:09:00,Mock text for 2024-10-10,NEGATIVE,0.78
2024-10-11 18:38:00,Mock text for 2024-10-11,POSITIVE,0.84
2024-10-11 05:10:00,Mock text for 2024-10-11,NEUTRAL,0.71
2024-10-11 13:00:00,Mock text for 2024-10-11,POSITIVE,0.88
2024-10-11 09:10:00,Mock text for 2024-10-11,NEUTRAL,0.88
2024-10-12 17:05:00,Mock text for 2024-10-12,NEUTRAL,0.84
2024-10-12 05:10:00,Mock text for 2024-10-12,NEGATIVE,0.92
2024-10-12 09:00:00,Mock text for 2024-10-12,NEGATIVE,0.76
2024-10-12 05:33:00,Mock text for 2024-10-12,POSITIVE,0.73
2024-10-13 11:32:00,Mock text for 2024-10-13,NEUTRAL,0.73
2024-10-13 21:22:00,Mock text for 2024-10-13,POSITIVE,1.0
2024-10-13 22:30:00,Mock text for 2024-10-13,NEGATIVE,0.92
2024-10-13 09:09:00,Mock text for 2024-10-13,NEUTRAL,0.84
2024-10-13 00:54:00,Mock text for 2024-10-13,POSITIVE,0.81
2024-10-13 02:51:00,Mock text for 2024-10-13,NEGATIVE,0.94
2024-10-13 08:37:00,Mock text for 2024-10-13,POSITIVE,0.95
2024-10-14 15:22:00,Mock text for 2024-10-14,NEGATIVE,0.93
2024-10-14 14:53:00,Mock text for 2024-10-14,NEUTRAL,0.97
2024-10-14 07:08:00,Mock text for 2024-10-14,NEGATIVE,0.99
2024-10-14 09:51:00,Mock text for 2024-10-14,NEUTRAL,0.78
2024-10-14 11:56:00,Mock text for 2024-10-14,POSITIVE,0.95
2024-10-14 11:33:00,Mock text for 2024-10-14,NEUTRAL,0.73
2024-10-15 13:45:00,Mock text for 2024-10-15,NEUTRAL,0.72
2024-10-15 22:36:00,Mock text for 2024-10-15,POSITIVE,0.93
2024-10-15 21:41:00,Mock text for 2024-10-15,POSITIVE,0.71
2024-10-15 07:56:00,Mock text for 2024-10-15,POSITIVE,0.96
2024-10-15 13:32:00,Mock text for 2024-10-15,NEUTRAL,0.73
2024-10-15 07:52:00,Mock text for 2024-10-15,NEUTRAL,0.78
2024-10-16 03:15:00,Mock text for 2024-10-16,POSITIVE,0.95
2024-10-16 23:23:00,Mock text for 2024-10-16,POSITIVE,0.77
2024-10-16 07:40:00,Mock text for 2024-10-16,POSITIVE,0.79
2024-10-16 02:00:00,Mock text for 2024-10-16,POSITIVE,0.79
2024-10-17 06:43:00,Mock text for 2024-10-17,POSITIVE,0.76
2024-10-17 08:54:00,Mock text for 2024-10-17,NEGATIVE,0.71
2024-10-17 13:25:00,Mock text for 2024-10-17,POSITIVE,0.91
2024-10-17 14:09:00,Mock text for 2024-10-17,POSITIVE,0.73
2024-10-17 17:33:00,Mock text for 2024-10-17,NEGATIVE,0.83
2024-10-18 20:51:00,Mock text for 2024-10-18,POSITIVE,0.71
2024-10-18 04:39:00,Mock text for 2024-10-18,POSITIVE,0.85
2024-10-18 21:42:00,Mock text for 2024-10-18,POSITIVE,0.96
2024-10-19 22:12:00,Mock text for 2024-10-19,NEUTRAL,0.95
2024-10-19 02:29:00,Mock text for 2024-10-19,POSITIVE,0.98
2024-10-19 07:22:00,Mock text for 2024-10-19,NEGATIVE,0.83
2024-10-19 14:07:00,Mock text for 2024-10-19,NEGATIVE,0.81
2024-10-20 07:56:00,Mock text for 2024-10-20,NEGATIVE,0.75
2024-10-20 08:51:00,Mock text for 2024-10-20,POSITIVE,0.95
2024-10-20 18:07:00,Mock text for 2024-10-20,POSITIVE,0.71
2024-10-20 06:41:00,Mock text for 2024-10-20,NEUTRAL,0.91
2024-10-20 06:42:00,Mock text for 2024-10-20,POSITIVE,0.76
2024-10-20 12:25:00,Mock text for 2024-10-20,NEUTRAL,0.96
2024-10-20 07:12:00,Mock text for 2024-10-20,POSITIVE,0.86
2024-10-21 11:48:00,Mock text for 2024-10-21,NEGATIVE,0.83
2024-10-21 13:57:00,Mock text for 2024-10-21,NEUTRAL,0.8
2024-10-21 10:43:00,Mock text for 2024-10-21,NEGATIVE,0.81
2024-10-21 06:33:00,Mock text for 2024-10-21,NEGATIVE,0.71
2024-10-22 06:01:00,Mock text for 2024-10-22,POSITIVE,0.71
2024-10-22 17:55:00,Mock text for 2024-10-22,NEGATIVE,0.85
2024-10-22 07:09:00,Mock text for 2024-10-22,NEGATIVE,0.76
2024-10-22 03:55:00,Mock text for 2024-10-22,POSITIVE,0.9
2024-10-23 09:58:00,Mock text for 2024-10-23,POSITIVE,0.74
2024-10-23 22:45:00,Mock text for 2024-10-23,NEUTRAL,0.9
2024-10-23 20:00:00,Mock text for 2024-10-23,POSITIVE,0.93
2024-10-23 18:21:00,Mock text for 2024-10-23,NEGATIVE,0.96
2024-10-23 11:31:00,Mock text for 2024-10-23,POSITIVE,0.92
2024-10-24 06:57:00,Mock text for 2024-10-24,POSITIVE,0.74
2024-10-24 18:48:00,Mock text for 2024-10-24,NEUTRAL,0.74
2024-10-24 03:44:00,Mock text for 2024-10-24,NEGATIVE,0.98
2024-10-24 14:53:00,Mock text for 2024-10-24,NEGATIVE,0.89
2024-10-24 22:28:00,Mock text for 2024-10-24,POSITIVE,0.82
2024-10-25 03:19:00,Mock text for 2024-10-25,NEUTRAL,1.0
2024-10-25 08:10:00,Mock text for 2024-10-25,POSITIVE,0.77
2024-10-25 13:29:00,Mock text for 2024-10-25,NEGATIVE,0.87
2024-10-25 09:47:00,Mock text for 2024-10-25,POSITIVE,0.92
2024-10-25 19:08:00,Mock text for 2024-10-25,POSITIVE,0.73
2024-10-25 10:45:00,Mock text for 2024-10-25,NEUTRAL,0.79
2024-10-25 17:11:00,Mock text for 2024-10-25,POSITIVE,0.91
2024-10-26 11:35:00,Mock text for 2024-10-26,NEGATIVE,0.71
2024-10-26 04:35:00,Mock text for 2024-10-26,NEUTRAL,0.88
2024-10-26 05:20:00,Mock text for 2024-10-26,NEUTRAL,0.92
2024-10-26 05:19:00,Mock text for 2024-10-26,POSITIVE,0.92
2024-10-26 03:29:00,Mock text for 2024-10-26,NEUTRAL,0.77
2024-10-27 21:42:00,Mock text for 2024-10-27,NEGATIVE,0.97
2024-10-27 14:55:00,Mock text for 2024-10-27,NEUTRAL,0.77
2024-10-27 09:54:00,Mock text for 2024-10-27,NEGATIVE,0.75
2024-10-27 13:29:00,Mock text for 2024-10-27,POSITIVE,0.95
2024-10-27 03:11:00,Mock text for 2024-10-27,POSITIVE,0.71
2024-10-27 06:49:00,Mock text for 2024-10-27,NEUTRAL,0.85
2024-10-28 03:04:00,Mock text for 2024-10-28,NEUTRAL,0.76
2024-10-28 21:25:00,Mock text for 2024-10-28,NEGATIVE,0.9
2024-10-28 21:32:00,Mock text for 2024-10-28,NEUTRAL,0.75
2024-10-29 05:14:00,Mock text for 2024-10-29,NEGATIVE,0.77
2024-10-29 19:57:00,Mock text for 2024-10-29,POSITIVE,0.79
2024-10-29 19:35:00,Mock text for 2024-10-29,NEGATIVE,0.73
2024-10-29 20:06:00,Mock text for 2024-10-29,NEUTRAL,0.78
2024-10-30 09:50:00,Mock text for 2024-10-30,NEUTRAL,0.94
2024-10-30 06:17:00,Mock text for 2024-10-30,NEUTRAL,0.77
2024-10-30 16:10:00,Mock text for 2024-10-30,NEGATIVE,0.82
2024-10-30 09:48:00,Mock text for 2024-10-30,NEUTRAL,0.92
2024-10-30 21:11:00,Mock text for 2024-10-30,NEGATIVE,0.98
2024-10-30 00:19:00,Mock text for 2024-10-30,NEGATIVE,0.7
2024-10-30 09:52:00,Mock text for 2024-10-30,POSITIVE,0.8
2024-10-31 05:11:00,Mock text for 2024-10-31,NEUTRAL,0.72
2024-10-31 10:59:00,Mock text for 2024-10-31,NEUTRAL,0.94
2024-10-31 17:52:00,Mock text for 2024-10-31,NEGATIVE,0.86


