Timestamp,Input Text,Sentiment,Confidence
2024-01-24 11:31:00,Superb quality and value for money.,POSITIVE,0.86
2024-12-09 04:57:00,"I might consider buying again, not sure.",NEUTRAL,0.88
2024-03-14 04:29:00,I will never buy from this company again.,NEGATIVE,0.82
2024-11-08 16:23:00,This is the worst purchase I've made this year.,NEGATIVE,0.74
2024-04-09 21:50:00,"Amazing experience, I loved every bit of it.",POSITIVE,0.96
2024-11-13 13:36:00,"An average product, nothing to rave about.",NEUTRAL,0.81
2024-01-20 02:45:00,"Terrible experience, I want a refund.",NEGATIVE,0.78
2024-11-20 00:26:00,This product did not meet my expectations.,NEGATIVE,0.71
2024-02-18 04:14:00,"Customer service was decent, could be better.",NEUTRAL,0.89
2024-03-19 09:42:00,The product exceeded my expectations!,POSITIVE,0.94
2024-06-28 01:42:00,"Top-notch, I'm very satisfied.",POSITIVE,0.97
2024-12-24 12:14:00,One star for the terrible support team.,NEGATIVE,0.79
2024-06-12 23:27:00,"Neutral experience, met basic expectations.",NEUTRAL,0.84
2024-04-23 08:53:00,"Customer service was decent, could be better.",NEUTRAL,0.77
2024-06-14 03:52:00,Unacceptable experience overall.,NEGATIVE,0.81
2024-08-17 12:18:00,"It's fine, does the job.",NEUTRAL,0.87
2024-07-26 18:38:00,The product exceeded my expectations!,POSITIVE,0.9
2024-10-30 08:10:00,"Poor quality, not worth the money.",NEGATIVE,0.69
2024-11-29 09:00:00,"The product was okay, nothing extraordinary.",NEUTRAL,0.75
2024-04-14 15:19:00,Unacceptable experience overall.,NEGATIVE,0.66
2024-10-21 06:57:00,This is the best purchase I've made this year.,POSITIVE,0.85
2024-05-31 13:18:00,"Poor quality, not worth the money.",NEGATIVE,0.78
2024-02-02 16:01:00,Nothing special about this product.,NEUTRAL,0.76
2024-04-29 10:18:00,"Neutral experience, met basic expectations.",NEUTRAL,0.78
2024-12-04 23:17:00,"Average experience, not bad but not great.",NEUTRAL,0.83
2024-02-25 22:55:00,Customer service was unhelpful and rude.,NEGATIVE,0.76
2024-09-29 08:35:00,"The service was acceptable, nothing more.",NEUTRAL,0.79
2024-02-07 13:36:00,"Poor quality, not worth the money.",NEGATIVE,0.66
2024-09-19 01:44:00,I'm very disappointed with this.,NEGATIVE,0.67
2024-05-22 00:38:00,"I might consider buying again, not sure.",NEUTRAL,0.82
2024-04-28 14:32:00,"It's fine, does the job.",NEUTRAL,0.87
2024-10-10 13:58:00,Five stars for the excellent support team!,POSITIVE,0.92
2024-12-04 10:30:00,I'm so happy with this!,POSITIVE,0.85
2024-04-26 03:06:00,Customer service was unhelpful and rude.,NEGATIVE,0.75
2024-08-10 19:39:00,"Brilliant service, keep up the good work!",POSITIVE,0.93
2024-02-10 17:30:00,"Horrible service, needs improvement.",NEGATIVE,0.66
2024-09-16 02:25:00,This is the best purchase I've made this year.,POSITIVE,0.85
2024-10-24 19:25:00,Nothing special about this product.,NEUTRAL,0.84
2024-10-27 01:24:00,Superb quality and value for money.,POSITIVE,0.97
2024-12-03 14:09:00,"Terrible experience, I want a refund.",NEGATIVE,0.67
2024-11-01 16:34:00,I will definitely recommend this to others.,POSITIVE,0.95
2024-09-09 08:56:00,"The service was acceptable, nothing more.",NEUTRAL,0.88
2024-11-08 10:32:00,Superb quality and value for money.,POSITIVE,0.98
2024-01-28 18:16:00,Customer service was unhelpful and rude.,NEGATIVE,0.67
2024-06-09 12:36:00,"The product was okay, nothing extraordinary.",NEUTRAL,0.87
2024-05-09 02:47:00,"Neutral experience, met basic expectations.",NEUTRAL,0.8
2024-09-06 10:21:00,The product exceeded my expectations!,POSITIVE,0.98
2024-03-28 12:56:00,"Amazing experience, I loved every bit of it.",POSITIVE,0.89
2024-04-25 20:51:00,This is the best purchase I've made this year.,POSITIVE,0.96
2024-03-26 15:15:00,"Customer service was fantastic, very helpful.",POSITIVE,0.91
2024-06-05 21:11:00,This product did not meet my expectations.,NEGATIVE,0.66
2024-07-10 19:40:00,Unacceptable experience overall.,NEGATIVE,0.79
2024-04-27 08:11:00,"Neutral experience, met basic expectations.",NEUTRAL,0.82
2024-06-23 18:27:00,"Average experience, not bad but not great.",NEUTRAL,0.81
2024-05-25 15:11:00,One star for the terrible support team.,NEGATIVE,0.79
2024-12-25 05:25:00,"The product was okay, nothing extraordinary.",NEUTRAL,0.81
2024-11-29 20:57:00,I'm very disappointed with this.,NEGATIVE,0.7
2024-02-09 03:56:00,"Brilliant service, keep up the good work!",POSITIVE,0.92
2024-07-24 05:42:00,"The product was okay, nothing extraordinary.",NEUTRAL,0.88
2024-05-27 01:43:00,This is the best purchase I've made this year.,POSITIVE,0.86
2024-10-05 19:01:00,"Horrible service, needs improvement.",NEGATIVE,0.74
2024-05-13 23:10:00,I'm very disappointed with this.,NEGATIVE,0.83
2024-09-20 10:00:00,"The service was acceptable, nothing more.",NEUTRAL,0.77
2024-08-11 12:15:00,One star for the terrible support team.,NEGATIVE,0.65
2024-02-04 16:22:00,"It's fine, does the job.",NEUTRAL,0.83
2024-10-06 21:00:00,Unacceptable experience overall.,NEGATIVE,0.76
2024-07-18 01:43:00,"I might consider buying again, not sure.",NEUTRAL,0.78
2024-07-08 21:41:00,This is the best purchase I've made this year.,POSITIVE,0.98
2024-11-28 17:05:00,Nothing special about this product.,NEUTRAL,0.88
2024-01-08 11:13:00,Unacceptable experience overall.,NEGATIVE,0.81
2024-10-02 07:01:00,"The product was okay, nothing extraordinary.",NEUTRAL,0.81
2024-09-14 11:18:00,I will definitely recommend this to others.,POSITIVE,0.92
2024-05-06 06:17:00,This is the best purchase I've made this year.,POSITIVE,0.96
2024-08-21 23:48:00,"Neutral experience, met basic expectations.",NEUTRAL,0.89
2024-05-25 11:04:00,One star for the terrible support team.,NEGATIVE,0.75
2024-09-13 04:41:00,Superb quality and value for money.,POSITIVE,0.98
2024-06-03 22:38:00,"It's fine, does the job.",NEUTRAL,0.8
2024-11-01 00:37:00,I'm so happy with this!,POSITIVE,0.99
2024-07-25 04:49:00,This is the worst purchase I've made this year.,NEGATIVE,0.83
2024-11-17 10:29:00,This is the best purchase I've made this year.,POSITIVE,0.95
2024-10-15 03:26:00,"The product was okay, nothing extraordinary.",NEUTRAL,0.87
2024-02-03 05:48:00,"I might consider buying again, not sure.",NEUTRAL,0.81
2024-04-04 16:10:00,One star for the terrible support team.,NEGATIVE,0.79
2024-11-24 06:58:00,This is the best purchase I've made this year.,POSITIVE,0.92
2024-08-02 01:10:00,"Customer service was fantastic, very helpful.",POSITIVE,0.97
2024-12-02 04:24:00,"The product was okay, nothing extraordinary.",NEUTRAL,0.88
2024-10-07 01:46:00,One star for the terrible support team.,NEGATIVE,0.65
2024-07-28 06:08:00,"An average product, nothing to rave about.",NEUTRAL,0.85
2024-11-20 02:20:00,"Brilliant service, keep up the good work!",POSITIVE,0.92
2024-02-23 22:32:00,"Customer service was fantastic, very helpful.",POSITIVE,0.88
2024-09-23 13:36:00,"Customer service was fantastic, very helpful.",POSITIVE,0.97
2024-02-01 00:57:00,"Top-notch, I'm very satisfied.",POSITIVE,0.87
2024-09-20 04:00:00,Superb quality and value for money.,POSITIVE,0.88
2024-04-18 04:07:00,I will never buy from this company again.,NEGATIVE,0.71
2024-07-23 00:23:00,"Customer service was fantastic, very helpful.",POSITIVE,0.94
2024-01-12 20:47:00,Customer service was unhelpful and rude.,NEGATIVE,0.8
2024-07-18 15:00:00,This product did not meet my expectations.,NEGATIVE,0.69
2024-03-14 11:21:00,"Top-notch, I'm very satisfied.",POSITIVE,0.88
2024-07-14 16:12:00,"Horrible service, needs improvement.",NEGATIVE,0.76
2024-02-27 01:02:00,"I might consider buying again, not sure.",NEUTRAL,0.85
2024-03-04 07:19:00,I'm very disappointed with this.,NEGATIVE,0.8
2024-04-14 19:29:00,"Horrible service, needs improvement.",NEGATIVE,0.81
2024-03-02 02:48:00,Customer service was unhelpful and rude.,NEGATIVE,0.75
2024-09-22 12:57:00,"Horrible service, needs improvement.",NEGATIVE,0.68
2024-08-04 08:03:00,Five stars for the excellent support team!,POSITIVE,0.89
2024-01-24 10:13:00,"I might consider buying again, not sure.",NEUTRAL,0.83
2024-11-10 11:59:00,"I might consider buying again, not sure.",NEUTRAL,0.85
2024-03-23 21:47:00,"I might consider buying again, not sure.",NEUTRAL,0.75
2024-01-17 01:00:00,This purchase was neither good nor bad.,NEUTRAL,0.85
2024-07-29 12:29:00,"Amazing experience, I loved every bit of it.",POSITIVE,0.86
2024-05-18 02:51:00,This product did not meet my expectations.,NEGATIVE,0.67
2024-01-25 21:17:00,"Average experience, not bad but not great.",NEUTRAL,0.78
2024-02-14 23:10:00,"Poor quality, not worth the money.",NEGATIVE,0.73
2024-04-27 12:48:00,This is the best purchase I've made this year.,POSITIVE,0.94
2024-04-06 09:52:00,This product did not meet my expectations.,NEGATIVE,0.66
2024-04-11 08:02:00,"Amazing experience, I loved every bit of it.",POSITIVE,0.87
2024-07-22 18:27:00,"Customer service was fantastic, very helpful.",POSITIVE,0.98
2024-02-26 20:55:00,"I might consider buying again, not sure.",NEUTRAL,0.85
2024-03-07 06:48:00,Unacceptable experience overall.,NEGATIVE,0.73
2024-06-02 03:19:00,"Terrible experience, I want a refund.",NEGATIVE,0.85
2024-03-05 22:52:00,Unacceptable experience overall.,NEGATIVE,0.8
2024-03-12 16:57:00,Nothing special about this product.,NEUTRAL,0.89
2024-05-12 19:26:00,"Neutral experience, met basic expectations.",NEUTRAL,0.84
2024-07-13 15:08:00,"Amazing experience, I loved every bit of it.",POSITIVE,0.88
2024-06-24 15:00:00,I will never buy from this company again.,NEGATIVE,0.78
2024-07-09 12:12:00,"Brilliant service, keep up the good work!",POSITIVE,0.85
2024-06-10 13:40:00,This is the best purchase I've made this year.,POSITIVE,0.86
2024-08-25 14:40:00,I will never buy from this company again.,NEGATIVE,0.67
2024-07-30 21:36:00,"The service was acceptable, nothing more.",NEUTRAL,0.82
2024-12-25 01:43:00,"I might consider buying again, not sure.",NEUTRAL,0.86
2024-07-15 08:21:00,One star for the terrible support team.,NEGATIVE,0.84
2024-10-12 04:42:00,"The product was okay, nothing extraordinary.",NEUTRAL,0.86
2024-08-13 06:42:00,Unacceptable experience overall.,NEGATIVE,0.81
2024-09-19 06:52:00,"It's fine, does the job.",NEUTRAL,0.85
2024-05-01 23:20:00,"An average product, nothing to rave about.",NEUTRAL,0.87
2024-10-02 06:27:00,I'm so happy with this!,POSITIVE,0.99
2024-05-12 02:36:00,"Horrible service, needs improvement.",NEGATIVE,0.75
2024-08-30 19:53:00,I'm so happy with this!,POSITIVE,0.91
2024-05-02 03:18:00,One star for the terrible support team.,NEGATIVE,0.82
2024-04-19 21:14:00,This is the worst purchase I've made this year.,NEGATIVE,0.7
2024-06-19 02:19:00,"The product was okay, nothing extraordinary.",NEUTRAL,0.86
2024-11-28 05:51:00,This is the best purchase I've made this year.,POSITIVE,0.95
2024-09-26 19:37:00,"Neutral experience, met basic expectations.",NEUTRAL,0.86
2024-03-28 23:28:00,"I might consider buying again, not sure.",NEUTRAL,0.85
2024-08-30 02:22:00,"Average experience, not bad but not great.",NEUTRAL,0.8
2024-05-21 02:46:00,"An average product, nothing to rave about.",NEUTRAL,0.85
2024-07-16 14:58:00,This product did not meet my expectations.,NEGATIVE,0.82
2024-12-20 01:23:00,Superb quality and value for money.,POSITIVE,0.93
2024-10-06 20:24:00,I will never buy from this company again.,NEGATIVE,0.74
2024-03-07 21:21:00,"Top-notch, I'm very satisfied.",POSITIVE,0.98
2024-09-08 18:04:00,"Neutral experience, met basic expectations.",NEUTRAL,0.88
2024-01-13 10:11:00,"Brilliant service, keep up the good work!",POSITIVE,0.95
2024-11-13 01:01:00,I will definitely recommend this to others.,POSITIVE,0.94
2024-11-16 09:19:00,Nothing special about this product.,NEUTRAL,0.88
2024-07-08 04:03:00,"Horrible service, needs improvement.",NEGATIVE,0.66
2024-03-14 08:17:00,"It's fine, does the job.",NEUTRAL,0.8
2024-08-06 01:54:00,"The service was acceptable, nothing more.",NEUTRAL,0.82
2024-04-27 20:24:00,"An average product, nothing to rave about.",NEUTRAL,0.79
2024-11-29 23:44:00,This is the worst purchase I've made this year.,NEGATIVE,0.84
2024-10-08 15:17:00,This is the best purchase I've made this year.,POSITIVE,0.86
2024-11-28 08:26:00,"Average experience, not bad but not great.",NEUTRAL,0.76
2024-04-01 07:30:00,"Brilliant service, keep up the good work!",POSITIVE,0.87
2024-08-27 09:29:00,"Customer service was fantastic, very helpful.",POSITIVE,0.93
2024-06-05 09:11:00,One star for the terrible support team.,NEGATIVE,0.7
2024-12-16 00:22:00,"Horrible service, needs improvement.",NEGATIVE,0.8
2024-03-31 00:26:00,I'm very disappointed with this.,NEGATIVE,0.82
2024-08-23 01:13:00,"Neutral experience, met basic expectations.",NEUTRAL,0.76
2024-06-17 10:29:00,This is the worst purchase I've made this year.,NEGATIVE,0.8
2024-12-18 20:53:00,"Average experience, not bad but not great.",NEUTRAL,0.84
2024-10-28 05:08:00,I'm very disappointed with this.,NEGATIVE,0.81
2024-01-14 15:29:00,"An average product, nothing to rave about.",NEUTRAL,0.79
2024-04-07 05:45:00,Superb quality and value for money.,POSITIVE,0.94
2024-08-20 02:06:00,One star for the terrible support team.,NEGATIVE,0.67
2024-03-18 05:34:00,I will never buy from this company again.,NEGATIVE,0.66
2024-12-29 09:56:00,"Customer service was fantastic, very helpful.",POSITIVE,0.87
2024-02-12 10:59:00,"It's fine, does the job.",NEUTRAL,0.81
2024-12-09 09:31:00,"The product was okay, nothing extraordinary.",NEUTRAL,0.79
2024-05-10 20:11:00,I'm so happy with this!,POSITIVE,0.86
2024-07-09 08:51:00,This is the best purchase I've made this year.,POSITIVE,0.95
2024-08-02 23:04:00,"Top-notch, I'm very satisfied.",POSITIVE,0.96
2024-02-12 10:01:00,"Average experience, not bad but not great.",NEUTRAL,0.85
2024-04-23 09:58:00,"Average experience, not bad but not great.",NEUTRAL,0.77
2024-09-11 20:10:00,The product exceeded my expectations!,POSITIVE,0.91
2024-12-05 09:06:00,I will definitely recommend this to others.,POSITIVE,0.98
2024-08-27 17:22:00,Superb quality and value for money.,POSITIVE,0.98
2024-07-05 03:09:00,"Neutral experience, met basic expectations.",NEUTRAL,0.77
2024-04-04 13:23:00,"It's fine, does the job.",NEUTRAL,0.81
2024-04-09 23:11:00,"Average experience, not bad but not great.",NEUTRAL,0.78
2024-10-19 10:16:00,"Horrible service, needs improvement.",NEGATIVE,0.84
2024-11-22 01:46:00,I will never buy from this company again.,NEGATIVE,0.71
2024-06-02 10:41:00,One star for the terrible support team.,NEGATIVE,0.68
2024-09-09 21:07:00,"Brilliant service, keep up the good work!",POSITIVE,0.94
2024-07-20 20:31:00,This product did not meet my expectations.,NEGATIVE,0.84
2024-04-15 14:11:00,Nothing special about this product.,NEUTRAL,0.78
2024-12-16 04:57:00,This is the worst purchase I've made this year.,NEGATIVE,0.69
2024-08-08 05:47:00,"It's fine, does the job.",NEUTRAL,0.78
2024-12-19 19:27:00,"Average experience, not bad but not great.",NEUTRAL,0.87
2024-10-05 08:29:00,"Terrible experience, I want a refund.",NEGATIVE,0.69
2024-04-30 03:19:00,Superb quality and value for money.,POSITIVE,0.93
2024-01-24 06:22:00,I will never buy from this company again.,NEGATIVE,0.7
2024-08-06 05:16:00,Superb quality and value for money.,POSITIVE,0.87
2024-06-27 20:14:00,This purchase was neither good nor bad.,NEUTRAL,0.84
2024-10-12 04:59:00,"Terrible experience, I want a refund.",NEGATIVE,0.71
2024-03-12 10:39:00,"Top-notch, I'm very satisfied.",POSITIVE,0.92
2024-12-18 21:07:00,"Terrible experience, I want a refund.",NEGATIVE,0.73
2024-10-10 21:44:00,"Amazing experience, I loved every bit of it.",POSITIVE,0.89
2024-08-10 09:46:00,"An average product, nothing to rave about.",NEUTRAL,0.88
2024-02-16 00:11:00,The product exceeded my expectations!,POSITIVE,0.86
2024-05-22 14:16:00,"Top-notch, I'm very satisfied.",POSITIVE,0.97
2024-12-14 07:48:00,The product exceeded my expectations!,POSITIVE,0.92
2024-02-23 12:08:00,"Horrible service, needs improvement.",NEGATIVE,0.75
2024-07-22 09:22:00,"Neutral experience, met basic expectations.",NEUTRAL,0.89
2024-12-20 09:17:00,"Neutral experience, met basic expectations.",NEUTRAL,0.87
2024-04-17 10:53:00,This is the worst purchase I've made this year.,NEGATIVE,0.81
2024-05-13 17:50:00,"Horrible service, needs improvement.",NEGATIVE,0.76
2024-02-03 21:15:00,"I might consider buying again, not sure.",NEUTRAL,0.81
2024-12-29 13:03:00,"Terrible experience, I want a refund.",NEGATIVE,0.77
2024-04-29 14:41:00,The product exceeded my expectations!,POSITIVE,0.98
2024-11-10 04:22:00,Five stars for the excellent support team!,POSITIVE,0.88
2024-03-23 10:34:00,"Brilliant service, keep up the good work!",POSITIVE,0.9
2024-03-19 12:18:00,The product exceeded my expectations!,POSITIVE,0.85
2024-06-12 19:38:00,I will never buy from this company again.,NEGATIVE,0.72
2024-02-17 16:34:00,"Neutral experience, met basic expectations.",NEUTRAL,0.88
2024-03-15 04:52:00,"Customer service was fantastic, very helpful.",POSITIVE,0.89
2024-02-29 09:57:00,The product exceeded my expectations!,POSITIVE,0.96
2024-11-01 22:58:00,This product did not meet my expectations.,NEGATIVE,0.76
2024-04-15 13:21:00,"Amazing experience, I loved every bit of it.",POSITIVE,0.92
2024-04-28 12:35:00,I will never buy from this company again.,NEGATIVE,0.66
2024-08-29 22:16:00,"It's fine, does the job.",NEUTRAL,0.87
2024-07-19 00:04:00,This is the worst purchase I've made this year.,NEGATIVE,0.77
2024-03-10 10:31:00,Nothing special about this product.,NEUTRAL,0.84
2024-01-23 22:17:00,"Average experience, not bad but not great.",NEUTRAL,0.89
2024-09-20 18:20:00,"I might consider buying again, not sure.",NEUTRAL,0.79
2024-12-05 16:27:00,"Brilliant service, keep up the good work!",POSITIVE,0.95
2024-04-22 14:52:00,This purchase was neither good nor bad.,NEUTRAL,0.81
2024-12-23 23:16:00,I'm very disappointed with this.,NEGATIVE,0.82
2024-04-09 19:15:00,"Average experience, not bad but not great.",NEUTRAL,0.88
2024-12-06 16:00:00,"Customer service was fantastic, very helpful.",POSITIVE,0.97
2024-10-23 06:39:00,Customer service was unhelpful and rude.,NEGATIVE,0.77
2024-12-17 16:45:00,"Brilliant service, keep up the good work!",POSITIVE,0.86
2024-09-13 13:07:00,This is the best purchase I've made this year.,POSITIVE,0.94
2024-07-09 20:31:00,I will definitely recommend this to others.,POSITIVE,0.93
2024-07-12 21:27:00,I will never buy from this company again.,NEGATIVE,0.8
2024-10-10 21:08:00,Five stars for the excellent support team!,POSITIVE,0.9
2024-06-11 00:11:00,I'm very disappointed with this.,NEGATIVE,0.84
2024-02-25 20:56:00,"Neutral experience, met basic expectations.",NEUTRAL,0.8
2024-12-26 22:54:00,"Terrible experience, I want a refund.",NEGATIVE,0.83
2024-11-06 04:27:00,The product exceeded my expectations!,POSITIVE,0.99
2024-10-17 05:39:00,This product did not meet my expectations.,NEGATIVE,0.69
2024-08-08 18:45:00,Customer service was unhelpful and rude.,NEGATIVE,0.68
2024-10-28 04:59:00,Unacceptable experience overall.,NEGATIVE,0.77
2024-01-07 14:22:00,This is the worst purchase I've made this year.,NEGATIVE,0.69
2024-01-05 12:41:00,The product exceeded my expectations!,POSITIVE,0.96
2024-02-08 21:20:00,"Amazing experience, I loved every bit of it.",POSITIVE,0.88
2024-07-25 19:49:00,"Brilliant service, keep up the good work!",POSITIVE,0.89
2024-05-09 19:22:00,"Terrible experience, I want a refund.",NEGATIVE,0.78
2024-01-14 04:02:00,"Customer service was fantastic, very helpful.",POSITIVE,0.9
2024-09-14 04:03:00,"Customer service was decent, could be better.",NEUTRAL,0.9
2024-05-08 17:48:00,"Brilliant service, keep up the good work!",POSITIVE,0.92
2024-07-02 05:23:00,"Brilliant service, keep up the good work!",POSITIVE,0.88
2024-02-27 23:01:00,"Average experience, not bad but not great.",NEUTRAL,0.76
2024-10-26 18:32:00,One star for the terrible support team.,NEGATIVE,0.75
2024-05-14 20:48:00,This product did not meet my expectations.,NEGATIVE,0.72
2024-05-09 14:35:00,Five stars for the excellent support team!,POSITIVE,0.98
2024-07-29 02:23:00,"It's fine, does the job.",NEUTRAL,0.89
2024-03-30 21:20:00,"Customer service was decent, could be better.",NEUTRAL,0.79
2024-04-16 06:59:00,"Top-notch, I'm very satisfied.",POSITIVE,0.89
2024-10-07 02:58:00,"Amazing experience, I loved every bit of it.",POSITIVE,0.86
2024-04-28 21:28:00,I will never buy from this company again.,NEGATIVE,0.67
2024-12-21 01:51:00,"Average experience, not bad but not great.",NEUTRAL,0.79
2024-05-09 00:05:00,Nothing special about this product.,NEUTRAL,0.75
2024-11-15 07:07:00,Superb quality and value for money.,POSITIVE,0.98
2024-09-28 17:15:00,This is the best purchase I've made this year.,POSITIVE,0.86
2024-04-02 04:58:00,Nothing special about this product.,NEUTRAL,0.86
2024-04-10 18:26:00,One star for the terrible support team.,NEGATIVE,0.83
2024-07-07 21:34:00,"An average product, nothing to rave about.",NEUTRAL,0.79
2024-04-13 05:27:00,I'm so happy with this!,POSITIVE,0.89
2024-09-18 20:00:00,"Amazing experience, I loved every bit of it.",POSITIVE,0.98
2024-01-29 06:27:00,This product did not meet my expectations.,NEGATIVE,0.82
2024-08-31 20:05:00,"Brilliant service, keep up the good work!",POSITIVE,0.96
2024-07-03 05:47:00,"Top-notch, I'm very satisfied.",POSITIVE,0.88
2024-12-21 19:51:00,I'm very disappointed with this.,NEGATIVE,0.74
2024-10-03 20:27:00,"Customer service was fantastic, very helpful.",POSITIVE,0.97
2024-06-06 05:08:00,"Top-notch, I'm very satisfied.",POSITIVE,0.98
2024-03-13 15:19:00,One star for the terrible support team.,NEGATIVE,0.85
2024-11-27 05:11:00,"Average experience, not bad but not great.",NEUTRAL,0.88
2024-02-21 12:50:00,"Top-notch, I'm very satisfied.",POSITIVE,0.87
2024-06-27 15:30:00,This purchase was neither good nor bad.,NEUTRAL,0.84
2024-02-09 22:58:00,Superb quality and value for money.,POSITIVE,0.91
2024-08-03 10:56:00,"The product was okay, nothing extraordinary.",NEUTRAL,0.8
2024-11-16 22:50:00,"Customer service was decent, could be better.",NEUTRAL,0.84
2024-06-21 23:27:00,I will never buy from this company again.,NEGATIVE,0.65
2024-06-01 09:37:00,This is the best purchase I've made this year.,POSITIVE,0.95
2024-09-23 14:42:00,Unacceptable experience overall.,NEGATIVE,0.76
2024-02-29 13:12:00,Unacceptable experience overall.,NEGATIVE,0.82
2024-06-03 02:40:00,"The product was okay, nothing extraordinary.",NEUTRAL,0.81
2024-04-13 20:07:00,"Horrible service, needs improvement.",NEGATIVE,0.79
2024-02-22 07:54:00,"An average product, nothing to rave about.",NEUTRAL,0.87
2024-01-13 23:46:00,"Average experience, not bad but not great.",NEUTRAL,0.85
2024-07-18 14:40:00,"Amazing experience, I loved every bit of it.",POSITIVE,0.96
2024-06-05 16:37:00,This is the worst purchase I've made this year.,NEGATIVE,0.68
2024-08-20 22:25:00,This is the worst purchase I've made this year.,NEGATIVE,0.75
2024-01-27 21:20:00,Nothing special about this product.,NEUTRAL,0.76
2024-11-07 09:24:00,"I might consider buying again, not sure.",NEUTRAL,0.89
2024-12-26 13:04:00,"The service was acceptable, nothing more.",NEUTRAL,0.9
2024-08-09 08:48:00,I'm very disappointed with this.,NEGATIVE,0.81
2024-01-16 03:51:00,I'm so happy with this!,POSITIVE,0.87
2024-06-01 10:34:00,I'm so happy with this!,POSITIVE,0.89
2024-09-11 01:52:00,Five stars for the excellent support team!,POSITIVE,0.99
2024-04-14 11:14:00,"Horrible service, needs improvement.",NEGATIVE,0.74
2024-04-02 21:34:00,I will definitely recommend this to others.,POSITIVE,0.88
2024-10-01 09:41:00,I will definitely recommend this to others.,POSITIVE,0.88
2024-10-10 15:43:00,"The product was okay, nothing extraordinary.",NEUTRAL,0.8
2024-06-18 22:49:00,"The product was okay, nothing extraordinary.",NEUTRAL,0.83
2024-06-19 15:46:00,"The product was okay, nothing extraordinary.",NEUTRAL,0.84
2024-03-19 16:39:00,This is the worst purchase I've made this year.,NEGATIVE,0.73
2024-01-30 02:33:00,"Amazing experience, I loved every bit of it.",POSITIVE,0.97
2024-08-27 15:17:00,"Poor quality, not worth the money.",NEGATIVE,0.82
2024-11-28 08:05:00,"Amazing experience, I loved every bit of it.",POSITIVE,0.89
2024-11-06 20:11:00,"Brilliant service, keep up the good work!",POSITIVE,0.86
2024-06-04 03:43:00,"Customer service was decent, could be better.",NEUTRAL,0.82
2024-09-26 22:21:00,"Customer service was fantastic, very helpful.",POSITIVE,0.98
2024-10-19 21:38:00,I will definitely recommend this to others.,POSITIVE,0.86
2024-06-02 16:42:00,This is the worst purchase I've made this year.,NEGATIVE,0.67
2024-09-11 08:52:00,"Amazing experience, I loved every bit of it.",POSITIVE,0.92
2024-09-22 09:41:00,"The service was acceptable, nothing more.",NEUTRAL,0.83
2024-01-30 23:04:00,Superb quality and value for money.,POSITIVE,0.92
2024-06-03 12:33:00,I will definitely recommend this to others.,POSITIVE,0.97
2024-10-04 11:41:00,This product did not meet my expectations.,NEGATIVE,0.66
2024-11-06 07:50:00,I'm very disappointed with this.,NEGATIVE,0.68
2024-01-26 17:55:00,The product exceeded my expectations!,POSITIVE,0.97
2024-10-07 03:06:00,"Horrible service, needs improvement.",NEGATIVE,0.82
2024-10-01 14:40:00,"The product was okay, nothing extraordinary.",NEUTRAL,0.9
2024-07-21 13:48:00,Customer service was unhelpful and rude.,NEGATIVE,0.71
2024-02-16 15:28:00,"Terrible experience, I want a refund.",NEGATIVE,0.75
2024-06-26 23:00:00,I will definitely recommend this to others.,POSITIVE,0.94
2024-06-26 10:19:00,"Amazing experience, I loved every bit of it.",POSITIVE,0.95
2024-11-25 14:10:00,Nothing special about this product.,NEUTRAL,0.81
2024-02-24 00:08:00,This is the best purchase I've made this year.,POSITIVE,0.9
2024-01-03 17:12:00,"Average experience, not bad but not great.",NEUTRAL,0.87
2024-10-22 15:57:00,"It's fine, does the job.",NEUTRAL,0.79
2024-11-15 00:18:00,I'm so happy with this!,POSITIVE,0.9
2024-08-16 19:54:00,This product did not meet my expectations.,NEGATIVE,0.69
2024-02-15 13:33:00,"Customer service was fantastic, very helpful.",POSITIVE,0.94
2024-08-05 20:55:00,"It's fine, does the job.",NEUTRAL,0.88
2024-03-07 10:11:00,I will definitely recommend this to others.,POSITIVE,0.91
2024-08-27 09:34:00,I will definitely recommend this to others.,POSITIVE,0.86
2024-07-29 10:52:00,"Customer service was fantastic, very helpful.",POSITIVE,0.88
2024-02-23 02:25:00,The product exceeded my expectations!,POSITIVE,0.87
2024-12-13 01:12:00,"I might consider buying again, not sure.",NEUTRAL,0.84
2024-11-15 14:41:00,This is the worst purchase I've made this year.,NEGATIVE,0.79
2024-05-04 04:13:00,This is the best purchase I've made this year.,POSITIVE,0.86
2024-01-25 15:27:00,"Neutral experience, met basic expectations.",NEUTRAL,0.79
2024-07-27 16:04:00,"It's fine, does the job.",NEUTRAL,0.82
2024-11-29 15:32:00,Five stars for the excellent support team!,POSITIVE,0.96
2024-03-08 06:29:00,"Neutral experience, met basic expectations.",NEUTRAL,0.88
2024-02-03 14:22:00,"Poor quality, not worth the money.",NEGATIVE,0.85
2024-08-18 14:08:00,"The product was okay, nothing extraordinary.",NEUTRAL,0.87
2024-12-13 14:18:00,"Horrible service, needs improvement.",NEGATIVE,0.77
2024-04-29 12:16:00,This is the worst purchase I've made this year.,NEGATIVE,0.78
2024-07-26 02:47:00,"Customer service was decent, could be better.",NEUTRAL,0.86
2024-02-17 02:41:00,"The service was acceptable, nothing more.",NEUTRAL,0.77
2024-01-27 16:12:00,"The service was acceptable, nothing more.",NEUTRAL,0.8
2024-10-26 21:37:00,"Customer service was fantastic, very helpful.",POSITIVE,0.96
2024-07-30 23:27:00,Unacceptable experience overall.,NEGATIVE,0.68
2024-09-11 05:29:00,The product exceeded my expectations!,POSITIVE,0.87
2024-01-27 18:56:00,I will definitely recommend this to others.,POSITIVE,0.92
2024-11-30 07:04:00,Unacceptable experience overall.,NEGATIVE,0.8
2024-02-20 16:15:00,This is the worst purchase I've made this year.,NEGATIVE,0.81
2024-11-15 21:16:00,"Customer service was decent, could be better.",NEUTRAL,0.77
2024-05-26 16:14:00,"I might consider buying again, not sure.",NEUTRAL,0.78
2024-07-22 06:22:00,I'm very disappointed with this.,NEGATIVE,0.74
2024-06-22 04:37:00,"Amazing experience, I loved every bit of it.",POSITIVE,0.95
2024-11-11 02:25:00,This product did not meet my expectations.,NEGATIVE,0.8
2024-06-11 12:24:00,"Brilliant service, keep up the good work!",POSITIVE,0.87
2024-07-04 14:05:00,"Terrible experience, I want a refund.",NEGATIVE,0.7
2024-11-26 02:22:00,"Terrible experience, I want a refund.",NEGATIVE,0.66
2024-08-26 02:07:00,"Average experience, not bad but not great.",NEUTRAL,0.83
2024-12-06 22:53:00,"The product was okay, nothing extraordinary.",NEUTRAL,0.76
2024-05-16 05:22:00,The product exceeded my expectations!,POSITIVE,0.93
2024-01-20 14:08:00,I'm very disappointed with this.,NEGATIVE,0.68
2024-02-12 06:38:00,This is the worst purchase I've made this year.,NEGATIVE,0.71
2024-02-17 05:40:00,"The product was okay, nothing extraordinary.",NEUTRAL,0.83
2024-07-23 14:34:00,I will definitely recommend this to others.,POSITIVE,0.96
2024-08-01 01:29:00,One star for the terrible support team.,NEGATIVE,0.72
2024-04-15 21:53:00,"Neutral experience, met basic expectations.",NEUTRAL,0.84
2024-04-09 22:26:00,"The product was okay, nothing extraordinary.",NEUTRAL,0.83
2024-12-12 13:50:00,Superb quality and value for money.,POSITIVE,0.95
2024-02-23 08:10:00,"An average product, nothing to rave about.",NEUTRAL,0.78
2024-08-11 08:45:00,Five stars for the excellent support team!,POSITIVE,0.92
2024-11-12 11:01:00,"I might consider buying again, not sure.",NEUTRAL,0.87
2024-04-01 23:13:00,"Horrible service, needs improvement.",NEGATIVE,0.7
2024-11-20 15:55:00,"Poor quality, not worth the money.",NEGATIVE,0.79
2024-01-31 09:26:00,This is the worst purchase I've made this year.,NEGATIVE,0.72
2024-12-25 10:56:00,"Top-notch, I'm very satisfied.",POSITIVE,0.99
2024-10-17 22:06:00,"Top-notch, I'm very satisfied.",POSITIVE,0.92
2024-09-30 09:23:00,"Customer service was fantastic, very helpful.",POSITIVE,0.89
2024-12-20 11:18:00,Five stars for the excellent support team!,POSITIVE,0.87
2024-10-15 06:33:00,The product exceeded my expectations!,POSITIVE,0.95
2024-06-10 16:48:00,Unacceptable experience overall.,NEGATIVE,0.73
2024-07-11 18:07:00,"It's fine, does the job.",NEUTRAL,0.76
2024-08-13 03:47:00,This is the best purchase I've made this year.,POSITIVE,0.9
2024-10-13 18:29:00,Customer service was unhelpful and rude.,NEGATIVE,0.65
2024-08-13 05:16:00,This is the worst purchase I've made this year.,NEGATIVE,0.69
2024-12-03 05:06:00,"It's fine, does the job.",NEUTRAL,0.75
2024-11-23 10:56:00,The product exceeded my expectations!,POSITIVE,0.89
2024-06-17 05:40:00,"It's fine, does the job.",NEUTRAL,0.76
2024-06-17 13:07:00,I will never buy from this company again.,NEGATIVE,0.84
2024-02-08 07:51:00,I will definitely recommend this to others.,POSITIVE,0.94
2024-06-16 00:28:00,This purchase was neither good nor bad.,NEUTRAL,0.89
2024-01-23 02:11:00,"The service was acceptable, nothing more.",NEUTRAL,0.87
2024-03-27 23:47:00,Customer service was unhelpful and rude.,NEGATIVE,0.73
2024-08-10 16:50:00,The product exceeded my expectations!,POSITIVE,0.96
2024-03-11 01:24:00,"Customer service was decent, could be better.",NEUTRAL,0.87
2024-03-21 13:38:00,"The service was acceptable, nothing more.",NEUTRAL,0.89
2024-03-02 16:07:00,"An average product, nothing to rave about.",NEUTRAL,0.85
2024-07-28 12:41:00,"The product was okay, nothing extraordinary.",NEUTRAL,0.76
2024-08-14 03:32:00,"Brilliant service, keep up the good work!",POSITIVE,0.91
2024-08-15 02:49:00,I will never buy from this company again.,NEGATIVE,0.74
2024-08-17 17:52:00,"It's fine, does the job.",NEUTRAL,0.84
2024-02-26 15:52:00,This is the worst purchase I've made this year.,NEGATIVE,0.67
2024-09-19 07:08:00,Five stars for the excellent support team!,POSITIVE,0.9
2024-10-07 09:07:00,"Customer service was fantastic, very helpful.",POSITIVE,0.93
2024-10-16 04:04:00,I'm very disappointed with this.,NEGATIVE,0.7
2024-01-22 20:15:00,Customer service was unhelpful and rude.,NEGATIVE,0.69
2024-04-01 11:15:00,Five stars for the excellent support team!,POSITIVE,0.96
2024-09-13 12:06:00,"Customer service was fantastic, very helpful.",POSITIVE,0.97
2024-02-24 05:46:00,This is the worst purchase I've made this year.,NEGATIVE,0.82
2024-10-10 11:24:00,I will never buy from this company again.,NEGATIVE,0.75
2024-05-18 06:53:00,I'm very disappointed with this.,NEGATIVE,0.81
2024-11-23 02:06:00,"Brilliant service, keep up the good work!",POSITIVE,0.88
2024-09-12 20:43:00,"Horrible service, needs improvement.",NEGATIVE,0.83
2024-12-23 09:56:00,This is the best purchase I've made this year.,POSITIVE,0.93
2024-11-21 06:43:00,"An average product, nothing to rave about.",NEUTRAL,0.88
2024-08-13 06:14:00,"Horrible service, needs improvement.",NEGATIVE,0.75
2024-06-24 01:33:00,Nothing special about this product.,NEUTRAL,0.81
2024-10-14 11:59:00,I'm very disappointed with this.,NEGATIVE,0.75
2024-12-01 18:56:00,This purchase was neither good nor bad.,NEUTRAL,0.78
2024-11-29 00:36:00,"Terrible experience, I want a refund.",NEGATIVE,0.68
2024-03-09 04:12:00,I will definitely recommend this to others.,POSITIVE,0.89
2024-11-24 19:52:00,"Neutral experience, met basic expectations.",NEUTRAL,0.81
2024-11-26 20:07:00,This is the best purchase I've made this year.,POSITIVE,0.86
2024-09-07 17:48:00,"Customer service was decent, could be better.",NEUTRAL,0.87
2024-04-05 12:52:00,"Amazing experience, I loved every bit of it.",POSITIVE,0.95
2024-01-17 06:11:00,"Horrible service, needs improvement.",NEGATIVE,0.79
2024-07-12 02:59:00,The product exceeded my expectations!,POSITIVE,0.92
2024-09-14 09:18:00,Five stars for the excellent support team!,POSITIVE,0.96
2024-08-17 12:03:00,This is the worst purchase I've made this year.,NEGATIVE,0.79
2024-04-11 17:30:00,"Top-notch, I'm very satisfied.",POSITIVE,0.96
2024-09-25 11:53:00,Superb quality and value for money.,POSITIVE,0.87
2024-01-27 21:26:00,The product exceeded my expectations!,POSITIVE,0.92
2024-06-11 12:14:00,"I might consider buying again, not sure.",NEUTRAL,0.9
2024-11-22 22:30:00,"The product was okay, nothing extraordinary.",NEUTRAL,0.87
2024-09-25 13:00:00,I will definitely recommend this to others.,POSITIVE,0.91
2024-10-28 17:49:00,"It's fine, does the job.",NEUTRAL,0.88
2024-02-14 15:08:00,"Top-notch, I'm very satisfied.",POSITIVE,0.9
2024-10-24 11:08:00,I'm very disappointed with this.,NEGATIVE,0.74
2024-08-05 06:27:00,Five stars for the excellent support team!,POSITIVE,0.88
2024-03-11 02:06:00,"Brilliant service, keep up the good work!",POSITIVE,0.9
2024-12-04 14:48:00,I'm very disappointed with this.,NEGATIVE,0.73
2024-06-21 00:44:00,"Poor quality, not worth the money.",NEGATIVE,0.72
2024-12-21 08:13:00,"Poor quality, not worth the money.",NEGATIVE,0.84
2024-02-29 00:23:00,"An average product, nothing to rave about.",NEUTRAL,0.83
2024-03-25 12:46:00,"The service was acceptable, nothing more.",NEUTRAL,0.9
2024-02-22 04:27:00,"The product was okay, nothing extraordinary.",NEUTRAL,0.78
2024-02-23 09:53:00,"The product was okay, nothing extraordinary.",NEUTRAL,0.79
2024-07-24 23:39:00,This purchase was neither good nor bad.,NEUTRAL,0.9
2024-11-02 17:59:00,I will never buy from this company again.,NEGATIVE,0.76
2024-03-13 22:42:00,I will never buy from this company again.,NEGATIVE,0.74
2024-03-12 05:38:00,This purchase was neither good nor bad.,NEUTRAL,0.87
2024-08-29 17:08:00,"Amazing experience, I loved every bit of it.",POSITIVE,0.94
2024-07-12 15:37:00,"Terrible experience, I want a refund.",NEGATIVE,0.82
2024-11-14 23:40:00,Unacceptable experience overall.,NEGATIVE,0.71
2024-03-11 22:04:00,"Horrible service, needs improvement.",NEGATIVE,0.74
2024-05-07 23:04:00,"I might consider buying again, not sure.",NEUTRAL,0.85
2024-07-21 20:32:00,"Poor quality, not worth the money.",NEGATIVE,0.66
2024-03-19 04:26:00,Unacceptable experience overall.,NEGATIVE,0.83
2024-11-02 21:13:00,"Horrible service, needs improvement.",NEGATIVE,0.75
2024-05-19 11:56:00,"Poor quality, not worth the money.",NEGATIVE,0.82
2024-10-27 15:58:00,I'm so happy with this!,POSITIVE,0.93
2024-07-01 16:24:00,This is the best purchase I've made this year.,POSITIVE,0.97
2024-03-21 12:02:00,"An average product, nothing to rave about.",NEUTRAL,0.82
2024-08-07 18:49:00,"Customer service was decent, could be better.",NEUTRAL,0.78
2024-08-29 12:52:00,This is the best purchase I've made this year.,POSITIVE,0.89
2024-03-12 12:48:00,"I might consider buying again, not sure.",NEUTRAL,0.77
2024-02-11 12:06:00,"It's fine, does the job.",NEUTRAL,0.83
2024-10-23 10:45:00,"Poor quality, not worth the money.",NEGATIVE,0.73
2024-06-14 05:00:00,"Terrible experience, I want a refund.",NEGATIVE,0.85
2024-03-21 00:49:00,This is the best purchase I've made this year.,POSITIVE,0.87
2024-04-20 11:29:00,"Top-notch, I'm very satisfied.",POSITIVE,0.91
2024-08-15 23:35:00,Customer service was unhelpful and rude.,NEGATIVE,0.81
2024-06-18 04:14:00,"An average product, nothing to rave about.",NEUTRAL,0.81
2024-06-27 01:52:00,I will definitely recommend this to others.,POSITIVE,0.86
2024-07-17 22:28:00,"An average product, nothing to rave about.",NEUTRAL,0.88
2024-12-03 01:38:00,Superb quality and value for money.,POSITIVE,0.85
2024-07-30 18:18:00,"Top-notch, I'm very satisfied.",POSITIVE,0.93
2024-03-03 20:49:00,One star for the terrible support team.,NEGATIVE,0.73
2024-10-24 22:23:00,I'm very disappointed with this.,NEGATIVE,0.73
2024-08-29 15:45:00,This product did not meet my expectations.,NEGATIVE,0.8
2024-06-26 22:24:00,This purchase was neither good nor bad.,NEUTRAL,0.8
2024-09-30 13:38:00,This purchase was neither good nor bad.,NEUTRAL,0.77
2024-08-24 08:21:00,"Horrible service, needs improvement.",NEGATIVE,0.79
2024-07-21 12:26:00,I'm so happy with this!,POSITIVE,0.91
2024-05-06 08:55:00,"An average product, nothing to rave about.",NEUTRAL,0.85
2024-10-22 11:01:00,"It's fine, does the job.",NEUTRAL,0.78
2024-04-11 09:45:00,"Brilliant service, keep up the good work!",POSITIVE,0.86
2024-03-31 02:57:00,Unacceptable experience overall.,NEGATIVE,0.67
2024-02-17 21:42:00,I will definitely recommend this to others.,POSITIVE,0.92
2024-01-01 20:32:00,"Customer service was decent, could be better.",NEUTRAL,0.86
2024-05-04 03:43:00,I'm very disappointed with this.,NEGATIVE,0.84
2024-12-11 21:31:00,"Poor quality, not worth the money.",NEGATIVE,0.83
2024-08-07 03:13:00,"Horrible service, needs improvement.",NEGATIVE,0.73
2024-05-09 10:27:00,"Customer service was decent, could be better.",NEUTRAL,0.77
2024-08-20 05:32:00,"An average product, nothing to rave about.",NEUTRAL,0.8
2024-01-23 17:27:00,This is the best purchase I've made this year.,POSITIVE,0.91
2024-09-08 19:13:00,"It's fine, does the job.",NEUTRAL,0.89
2024-12-27 23:36:00,"Terrible experience, I want a refund.",NEGATIVE,0.71
2024-03-02 07:25:00,"Top-notch, I'm very satisfied.",POSITIVE,0.85
2024-01-28 01:33:00,"It's fine, does the job.",NEUTRAL,0.88
2024-09-17 19:29:00,Superb quality and value for money.,POSITIVE,0.91
2024-07-01 13:27:00,This is the best purchase I've made this year.,POSITIVE,0.94
2024-06-09 05:05:00,Five stars for the excellent support team!,POSITIVE,0.98
2024-06-29 06:58:00,"I might consider buying again, not sure.",NEUTRAL,0.87
2024-02-10 19:00:00,"Poor quality, not worth the money.",NEGATIVE,0.72
2024-05-20 07:02:00,"Horrible service, needs improvement.",NEGATIVE,0.66
2024-01-14 02:47:00,"Poor quality, not worth the money.",NEGATIVE,0.72
2024-10-29 11:14:00,"I might consider buying again, not sure.",NEUTRAL,0.82
2024-10-06 00:13:00,This is the best purchase I've made this year.,POSITIVE,0.9
2024-09-25 04:25:00,"The product was okay, nothing extraordinary.",NEUTRAL,0.88
2024-07-04 18:03:00,"Neutral experience, met basic expectations.",NEUTRAL,0.85
2024-12-24 00:29:00,"The product was okay, nothing extraordinary.",NEUTRAL,0.79
2024-05-09 02:13:00,I'm very disappointed with this.,NEGATIVE,0.74
2024-07-29 11:48:00,"Average experience, not bad but not great.",NEUTRAL,0.81
2024-03-24 09:37:00,"Average experience, not bad but not great.",NEUTRAL,0.81
2024-01-09 09:42:00,"Neutral experience, met basic expectations.",NEUTRAL,0.8
2024-07-16 02:00:00,I will never buy from this company again.,NEGATIVE,0.69
2024-05-24 01:38:00,"Customer service was fantastic, very helpful.",POSITIVE,0.88
2024-10-13 09:33:00,Unacceptable experience overall.,NEGATIVE,0.67
2024-05-14 22:31:00,Unacceptable experience overall.,NEGATIVE,0.81
2024-08-31 06:45:00,"I might consider buying again, not sure.",NEUTRAL,0.83
2024-11-26 03:58:00,"It's fine, does the job.",NEUTRAL,0.88
2024-05-22 17:45:00,This is the best purchase I've made this year.,POSITIVE,0.95
2024-04-14 22:16:00,"The product was okay, nothing extraordinary.",NEUTRAL,0.85
2024-08-09 03:45:00,Superb quality and value for money.,POSITIVE,0.88
2024-12-08 10:02:00,"Top-notch, I'm very satisfied.",POSITIVE,0.95
2024-06-19 05:45:00,Nothing special about this product.,NEUTRAL,0.81
2024-03-12 21:56:00,"Average experience, not bad but not great.",NEUTRAL,0.84
2024-06-29 21:01:00,"Brilliant service, keep up the good work!",POSITIVE,0.91
2024-10-04 16:30:00,"Customer service was decent, could be better.",NEUTRAL,0.88
2024-12-18 05:19:00,"Neutral experience, met basic expectations.",NEUTRAL,0.85
2024-10-11 08:29:00,"Brilliant service, keep up the good work!",POSITIVE,0.9
2024-04-02 10:47:00,"Terrible experience, I want a refund.",NEGATIVE,0.76
2024-07-14 05:06:00,"Customer service was fantastic, very helpful.",POSITIVE,0.92
2024-11-12 01:17:00,"Top-notch, I'm very satisfied.",POSITIVE,0.98
2024-07-30 08:16:00,One star for the terrible support team.,NEGATIVE,0.65
2024-07-17 20:58:00,Nothing special about this product.,NEUTRAL,0.79
2024-08-11 01:48:00,"Neutral experience, met basic expectations.",NEUTRAL,0.87
2024-10-26 22:47:00,"Poor quality, not worth the money.",NEGATIVE,0.66
2024-07-14 19:33:00,I will never buy from this company again.,NEGATIVE,0.73
2024-06-25 17:01:00,This is the worst purchase I've made this year.,NEGATIVE,0.75
2024-07-31 20:29:00,Nothing special about this product.,NEUTRAL,0.85
2024-01-16 04:55:00,"Average experience, not bad but not great.",NEUTRAL,0.79
2024-10-01 17:25:00,"Top-notch, I'm very satisfied.",POSITIVE,0.98
2024-10-18 00:15:00,"It's fine, does the job.",NEUTRAL,0.86
2024-10-12 18:40:00,"Customer service was decent, could be better.",NEUTRAL,0.86
2024-02-13 20:08:00,I'm so happy with this!,POSITIVE,0.86
2024-03-24 09:18:00,"Neutral experience, met basic expectations.",NEUTRAL,0.88
2024-10-30 07:04:00,One star for the terrible support team.,NEGATIVE,0.82
2024-02-04 00:50:00,This is the best purchase I've made this year.,POSITIVE,0.92
2024-07-19 12:14:00,"Poor quality, not worth the money.",NEGATIVE,0.71
2024-07-15 00:09:00,One star for the terrible support team.,NEGATIVE,0.79
2024-03-18 05:37:00,Superb quality and value for money.,POSITIVE,0.89
2024-01-13 21:36:00,This purchase was neither good nor bad.,NEUTRAL,0.79
2024-09-02 03:48:00,Five stars for the excellent support team!,POSITIVE,0.88
2024-03-30 00:01:00,I'm so happy with this!,POSITIVE,0.87
2024-07-07 18:25:00,"I might consider buying again, not sure.",NEUTRAL,0.77
2024-10-19 03:07:00,"Brilliant service, keep up the good work!",POSITIVE,0.93
2024-10-25 02:33:00,Superb quality and value for money.,POSITIVE,0.89
2024-12-22 16:06:00,This is the worst purchase I've made this year.,NEGATIVE,0.82
2024-12-01 03:22:00,"Amazing experience, I loved every bit of it.",POSITIVE,0.9
2024-06-20 13:40:00,"Terrible experience, I want a refund.",NEGATIVE,0.69
2024-05-31 04:14:00,One star for the terrible support team.,NEGATIVE,0.74
2024-08-06 09:31:00,"Average experience, not bad but not great.",NEUTRAL,0.8
2024-02-21 17:02:00,"Poor quality, not worth the money.",NEGATIVE,0.82
2024-08-02 23:24:00,Customer service was unhelpful and rude.,NEGATIVE,0.81
2024-05-02 10:24:00,I'm very disappointed with this.,NEGATIVE,0.82
2024-04-29 06:12:00,"Average experience, not bad but not great.",NEUTRAL,0.79
2024-06-05 07:24:00,One star for the terrible support team.,NEGATIVE,0.71
2024-06-20 12:05:00,"Top-notch, I'm very satisfied.",POSITIVE,0.85
2024-04-10 22:15:00,Unacceptable experience overall.,NEGATIVE,0.8
2024-02-18 11:34:00,This purchase was neither good nor bad.,NEUTRAL,0.84
2024-02-20 01:00:00,"An average product, nothing to rave about.",NEUTRAL,0.8
2024-11-27 02:15:00,"An average product, nothing to rave about.",NEUTRAL,0.88
2024-11-22 08:38:00,"Neutral experience, met basic expectations.",NEUTRAL,0.81
2024-02-03 19:21:00,This is the best purchase I've made this year.,POSITIVE,0.89
2024-09-03 00:01:00,I will definitely recommend this to others.,POSITIVE,0.98
2024-01-02 16:54:00,"It's fine, does the job.",NEUTRAL,0.78
2024-11-07 10:22:00,I will never buy from this company again.,NEGATIVE,0.79
2024-03-12 05:25:00,"Poor quality, not worth the money.",NEGATIVE,0.74
2024-11-11 01:27:00,"It's fine, does the job.",NEUTRAL,0.79
2024-06-26 12:27:00,This product did not meet my expectations.,NEGATIVE,0.65
2024-08-29 08:00:00,Superb quality and value for money.,POSITIVE,0.89
2024-11-30 22:03:00,"Average experience, not bad but not great.",NEUTRAL,0.8
2024-02-02 09:48:00,One star for the terrible support team.,NEGATIVE,0.66
2024-03-19 04:47:00,"Terrible experience, I want a refund.",NEGATIVE,0.73
2024-01-28 14:57:00,This product did not meet my expectations.,NEGATIVE,0.81
2024-12-21 15:59:00,"Customer service was fantastic, very helpful.",POSITIVE,0.89
2024-02-21 05:52:00,"I might consider buying again, not sure.",NEUTRAL,0.81
2024-11-27 06:23:00,Unacceptable experience overall.,NEGATIVE,0.74
2024-10-05 21:41:00,"It's fine, does the job.",NEUTRAL,0.76
2024-07-17 13:51:00,I'm very disappointed with this.,NEGATIVE,0.75
2024-01-18 18:00:00,"The product was okay, nothing extraordinary.",NEUTRAL,0.86
2024-03-14 03:50:00,"Brilliant service, keep up the good work!",POSITIVE,0.99
2024-02-25 18:06:00,I'm so happy with this!,POSITIVE,0.98
2024-07-18 14:55:00,Five stars for the excellent support team!,POSITIVE,0.98
2024-09-13 11:16:00,This is the worst purchase I've made this year.,NEGATIVE,0.76
2024-04-01 19:28:00,One star for the terrible support team.,NEGATIVE,0.73
2024-02-25 21:07:00,Unacceptable experience overall.,NEGATIVE,0.74
2024-01-26 15:08:00,"Horrible service, needs improvement.",NEGATIVE,0.84
2024-12-02 22:15:00,"An average product, nothing to rave about.",NEUTRAL,0.81
2024-08-31 08:53:00,"Top-notch, I'm very satisfied.",POSITIVE,0.91
2024-12-26 11:19:00,"Top-notch, I'm very satisfied.",POSITIVE,0.97
2024-04-05 22:47:00,Unacceptable experience overall.,NEGATIVE,0.69
2024-02-01 21:51:00,"It's fine, does the job.",NEUTRAL,0.8
2024-04-13 07:56:00,Superb quality and value for money.,POSITIVE,0.98
2024-09-14 13:04:00,"Average experience, not bad but not great.",NEUTRAL,0.75
2024-12-07 15:52:00,"I might consider buying again, not sure.",NEUTRAL,0.84
2024-04-15 10:35:00,"An average product, nothing to rave about.",NEUTRAL,0.83
2024-11-07 02:45:00,"The service was acceptable, nothing more.",NEUTRAL,0.85
2024-02-04 09:30:00,Customer service was unhelpful and rude.,NEGATIVE,0.78
2024-05-26 17:25:00,"Poor quality, not worth the money.",NEGATIVE,0.81
2024-12-05 21:43:00,This is the worst purchase I've made this year.,NEGATIVE,0.75
2024-03-17 19:30:00,"The product was okay, nothing extraordinary.",NEUTRAL,0.86
2024-11-14 20:41:00,"Customer service was decent, could be better.",NEUTRAL,0.85
2024-11-01 19:31:00,"It's fine, does the job.",NEUTRAL,0.83
2024-02-24 13:02:00,"Customer service was decent, could be better.",NEUTRAL,0.85
2024-01-27 13:31:00,"Amazing experience, I loved every bit of it.",POSITIVE,0.97
2024-01-17 14:18:00,Unacceptable experience overall.,NEGATIVE,0.65
2024-12-05 16:30:00,This is the best purchase I've made this year.,POSITIVE,0.92
2024-12-28 00:03:00,"Customer service was decent, could be better.",NEUTRAL,0.77
2024-05-17 00:05:00,This is the worst purchase I've made this year.,NEGATIVE,0.8
2024-05-21 02:17:00,This is the worst purchase I've made this year.,NEGATIVE,0.84
2024-07-27 20:04:00,Five stars for the excellent support team!,POSITIVE,0.96
2024-07-01 18:28:00,"I might consider buying again, not sure.",NEUTRAL,0.79
2024-11-22 21:53:00,"It's fine, does the job.",NEUTRAL,0.78
2024-06-17 05:28:00,I'm very disappointed with this.,NEGATIVE,0.77
2024-04-04 23:37:00,"Top-notch, I'm very satisfied.",POSITIVE,0.9
2024-12-28 03:20:00,Superb quality and value for money.,POSITIVE,0.97
2024-01-05 13:53:00,"Poor quality, not worth the money.",NEGATIVE,0.66
2024-07-11 08:02:00,"Average experience, not bad but not great.",NEUTRAL,0.83
2024-10-26 01:17:00,"It's fine, does the job.",NEUTRAL,0.79
2024-05-21 23:42:00,"It's fine, does the job.",NEUTRAL,0.79
2024-08-26 00:43:00,"An average product, nothing to rave about.",NEUTRAL,0.88
2024-06-12 02:13:00,"Brilliant service, keep up the good work!",POSITIVE,0.85
2024-03-16 14:32:00,"Brilliant service, keep up the good work!",POSITIVE,0.86
2024-11-13 22:18:00,This is the best purchase I've made this year.,POSITIVE,0.87
2024-02-26 22:58:00,"Top-notch, I'm very satisfied.",POSITIVE,0.97
2024-02-15 09:42:00,"Customer service was fantastic, very helpful.",POSITIVE,0.86
2024-11-03 16:33:00,"Terrible experience, I want a refund.",NEGATIVE,0.72
2024-11-30 05:24:00,"Brilliant service, keep up the good work!",POSITIVE,0.9
2024-04-06 17:38:00,One star for the terrible support team.,NEGATIVE,0.73
2024-08-10 13:05:00,"I might consider buying again, not sure.",NEUTRAL,0.77
2024-07-23 10:41:00,The product exceeded my expectations!,POSITIVE,0.93
2024-07-25 21:44:00,"Poor quality, not worth the money.",NEGATIVE,0.68
2024-08-13 19:49:00,"The product was okay, nothing extraordinary.",NEUTRAL,0.75
2024-03-17 07:08:00,"An average product, nothing to rave about.",NEUTRAL,0.88
2024-03-01 21:43:00,I'm so happy with this!,POSITIVE,0.89
2024-06-18 17:21:00,"The service was acceptable, nothing more.",NEUTRAL,0.8
2024-09-22 12:50:00,"An average product, nothing to rave about.",NEUTRAL,0.79
2024-01-04 06:26:00,"Average experience, not bad but not great.",NEUTRAL,0.79
2024-04-05 02:31:00,"The service was acceptable, nothing more.",NEUTRAL,0.9
2024-12-16 20:12:00,"Terrible experience, I want a refund.",NEGATIVE,0.81
2024-10-10 21:45:00,I'm very disappointed with this.,NEGATIVE,0.69
2024-12-04 11:38:00,"Horrible service, needs improvement.",NEGATIVE,0.69
2024-02-24 19:26:00,"Neutral experience, met basic expectations.",NEUTRAL,0.82
2024-06-05 19:38:00,"Customer service was fantastic, very helpful.",POSITIVE,0.93
2024-05-01 11:32:00,"It's fine, does the job.",NEUTRAL,0.81
2024-06-16 01:05:00,"Amazing experience, I loved every bit of it.",POSITIVE,0.98
2024-03-10 17:15:00,I'm very disappointed with this.,NEGATIVE,0.78
2024-05-21 07:09:00,"Neutral experience, met basic expectations.",NEUTRAL,0.84
2024-06-01 01:44:00,"Average experience, not bad but not great.",NEUTRAL,0.84
2024-05-22 14:59:00,"It's fine, does the job.",NEUTRAL,0.85
2024-01-19 05:05:00,"Amazing experience, I loved every bit of it.",POSITIVE,0.91
2024-12-07 12:51:00,Superb quality and value for money.,POSITIVE,0.95
2024-03-30 10:49:00,This is the worst purchase I've made this year.,NEGATIVE,0.83
2024-11-04 01:06:00,This purchase was neither good nor bad.,NEUTRAL,0.88
2024-08-04 00:16:00,"Amazing experience, I loved every bit of it.",POSITIVE,0.97
2024-05-08 04:32:00,This product did not meet my expectations.,NEGATIVE,0.73
2024-08-16 20:54:00,"Average experience, not bad but not great.",NEUTRAL,0.8
2024-10-22 15:03:00,I'm very disappointed with this.,NEGATIVE,0.79
2024-12-22 10:35:00,"Neutral experience, met basic expectations.",NEUTRAL,0.9
2024-01-12 18:14:00,"Amazing experience, I loved every bit of it.",POSITIVE,0.94
2024-02-29 06:39:00,"Horrible service, needs improvement.",NEGATIVE,0.75
2024-11-25 02:10:00,"Terrible experience, I want a refund.",NEGATIVE,0.81
2024-05-15 14:21:00,"Terrible experience, I want a refund.",NEGATIVE,0.65
2024-03-22 19:25:00,"Average experience, not bad but not great.",NEUTRAL,0.83
2024-05-15 07:08:00,"Average experience, not bad but not great.",NEUTRAL,0.89
2024-11-16 07:41:00,"Customer service was decent, could be better.",NEUTRAL,0.82
2024-05-21 01:05:00,"Terrible experience, I want a refund.",NEGATIVE,0.84
2024-12-27 17:49:00,This is the worst purchase I've made this year.,NEGATIVE,0.71
2024-07-03 18:38:00,"It's fine, does the job.",NEUTRAL,0.76
2024-06-25 22:47:00,"Customer service was decent, could be better.",NEUTRAL,0.76
2024-01-05 23:59:00,Five stars for the excellent support team!,POSITIVE,0.97
2024-04-22 20:05:00,"I might consider buying again, not sure.",NEUTRAL,0.8
2024-12-18 10:04:00,Five stars for the excellent support team!,POSITIVE,0.9
2024-03-26 06:30:00,"Brilliant service, keep up the good work!",POSITIVE,0.88
2024-02-22 07:58:00,"An average product, nothing to rave about.",NEUTRAL,0.76
2024-08-17 16:19:00,The product exceeded my expectations!,POSITIVE,0.96
2024-07-26 10:19:00,Five stars for the excellent support team!,POSITIVE,0.98
2024-08-31 09:42:00,Customer service was unhelpful and rude.,NEGATIVE,0.73
2024-06-09 02:58:00,"Poor quality, not worth the money.",NEGATIVE,0.84
2024-05-25 19:54:00,This product did not meet my expectations.,NEGATIVE,0.73
2024-04-03 17:22:00,I will never buy from this company again.,NEGATIVE,0.65
2024-05-19 03:33:00,Nothing special about this product.,NEUTRAL,0.76
2024-12-01 02:47:00,"An average product, nothing to rave about.",NEUTRAL,0.89
2024-04-22 05:22:00,This is the best purchase I've made this year.,POSITIVE,0.96
2024-01-17 13:08:00,Five stars for the excellent support team!,POSITIVE,0.89
2024-07-25 10:53:00,"Neutral experience, met basic expectations.",NEUTRAL,0.9
2024-06-23 14:45:00,This is the worst purchase I've made this year.,NEGATIVE,0.83
2024-03-20 23:14:00,Customer service was unhelpful and rude.,NEGATIVE,0.72
2024-07-18 23:22:00,"Terrible experience, I want a refund.",NEGATIVE,0.72
2024-12-25 21:02:00,I will definitely recommend this to others.,POSITIVE,0.88
2024-05-26 15:12:00,"Amazing experience, I loved every bit of it.",POSITIVE,0.85
2024-03-07 09:16:00,"Horrible service, needs improvement.",NEGATIVE,0.79
2024-12-23 06:46:00,Five stars for the excellent support team!,POSITIVE,0.94
2024-02-07 11:19:00,This is the worst purchase I've made this year.,NEGATIVE,0.77
2024-09-08 19:08:00,"Top-notch, I'm very satisfied.",POSITIVE,0.94
2024-03-02 21:25:00,This purchase was neither good nor bad.,NEUTRAL,0.78
2024-07-20 11:34:00,I'm so happy with this!,POSITIVE,0.9
2024-06-03 20:15:00,This purchase was neither good nor bad.,NEUTRAL,0.77
2024-06-30 19:42:00,"I might consider buying again, not sure.",NEUTRAL,0.83
2024-05-08 19:23:00,Customer service was unhelpful and rude.,NEGATIVE,0.8
2024-12-24 23:16:00,This product did not meet my expectations.,NEGATIVE,0.77
2024-12-11 02:02:00,Nothing special about this product.,NEUTRAL,0.89
2024-01-23 12:19:00,"Neutral experience, met basic expectations.",NEUTRAL,0.76
2024-09-24 14:22:00,I will never buy from this company again.,NEGATIVE,0.81
2024-05-21 08:01:00,"Customer service was fantastic, very helpful.",POSITIVE,0.9
2024-03-07 14:42:00,"Terrible experience, I want a refund.",NEGATIVE,0.78
2024-08-02 02:42:00,I will never buy from this company again.,NEGATIVE,0.78
2024-04-09 12:37:00,"It's fine, does the job.",NEUTRAL,0.89
2024-11-04 07:39:00,"Customer service was decent, could be better.",NEUTRAL,0.8
2024-01-21 18:39:00,"Amazing experience, I loved every bit of it.",POSITIVE,0.92
2024-02-04 16:25:00,"Poor quality, not worth the money.",NEGATIVE,0.75
2024-08-22 08:51:00,Customer service was unhelpful and rude.,NEGATIVE,0.81
2024-08-01 06:22:00,I'm very disappointed with this.,NEGATIVE,0.79
2024-10-01 08:00:00,This is the best purchase I've made this year.,POSITIVE,0.99
2024-02-24 11:32:00,I will definitely recommend this to others.,POSITIVE,0.94
2024-07-28 05:00:00,"Top-notch, I'm very satisfied.",POSITIVE,0.92
2024-05-21 16:03:00,"I might consider buying again, not sure.",NEUTRAL,0.8
2024-10-26 13:59:00,This product did not meet my expectations.,NEGATIVE,0.84
2024-09-27 05:49:00,"An average product, nothing to rave about.",NEUTRAL,0.87
2024-11-20 07:47:00,One star for the terrible support team.,NEGATIVE,0.74
2024-12-28 07:37:00,"The product was okay, nothing extraordinary.",NEUTRAL,0.84
2024-01-04 03:22:00,"Poor quality, not worth the money.",NEGATIVE,0.69
2024-10-02 05:47:00,"Top-notch, I'm very satisfied.",POSITIVE,0.96
2024-04-01 02:49:00,I'm so happy with this!,POSITIVE,0.97
2024-04-21 10:23:00,"Brilliant service, keep up the good work!",POSITIVE,0.88
2024-06-02 01:35:00,"Customer service was decent, could be better.",NEUTRAL,0.78
2024-01-17 20:05:00,"Brilliant service, keep up the good work!",POSITIVE,0.86
2024-08-30 23:09:00,I will definitely recommend this to others.,POSITIVE,0.87
2024-05-24 05:14:00,This product did not meet my expectations.,NEGATIVE,0.8
2024-07-25 09:25:00,I will never buy from this company again.,NEGATIVE,0.83
2024-06-17 20:50:00,"Brilliant service, keep up the good work!",POSITIVE,0.98
2024-09-18 19:55:00,"The service was acceptable, nothing more.",NEUTRAL,0.85
2024-12-07 13:27:00,Five stars for the excellent support team!,POSITIVE,0.95
2024-03-05 12:11:00,"I might consider buying again, not sure.",NEUTRAL,0.77
2024-04-23 19:10:00,This is the worst purchase I've made this year.,NEGATIVE,0.75
2024-09-06 07:43:00,"An average product, nothing to rave about.",NEUTRAL,0.75
2024-08-11 11:30:00,I'm so happy with this!,POSITIVE,0.93
2024-07-11 17:11:00,This is the best purchase I've made this year.,POSITIVE,0.98
2024-04-03 10:30:00,I'm very disappointed with this.,NEGATIVE,0.79
2024-08-13 05:36:00,I will never buy from this company again.,NEGATIVE,0.66
2024-12-14 14:23:00,"Neutral experience, met basic expectations.",NEUTRAL,0.78
2024-10-14 04:48:00,"Horrible service, needs improvement.",NEGATIVE,0.82
2024-04-13 06:49:00,"Poor quality, not worth the money.",NEGATIVE,0.83
2024-12-01 08:44:00,"Terrible experience, I want a refund.",NEGATIVE,0.83
2024-11-27 17:50:00,I will definitely recommend this to others.,POSITIVE,0.89
2024-12-21 07:56:00,"An average product, nothing to rave about.",NEUTRAL,0.8
2024-04-24 23:19:00,"I might consider buying again, not sure.",NEUTRAL,0.87
2024-06-08 07:08:00,"Customer service was decent, could be better.",NEUTRAL,0.83
2024-05-24 00:09:00,Superb quality and value for money.,POSITIVE,0.95
2024-10-16 18:29:00,"Customer service was decent, could be better.",NEUTRAL,0.84
2024-08-31 16:26:00,"Average experience, not bad but not great.",NEUTRAL,0.89
2024-07-30 14:42:00,"Brilliant service, keep up the good work!",POSITIVE,0.89
2024-04-23 01:36:00,"Top-notch, I'm very satisfied.",POSITIVE,0.96
2024-09-18 22:42:00,"Customer service was fantastic, very helpful.",POSITIVE,0.98
2024-04-10 12:36:00,I'm so happy with this!,POSITIVE,0.93
2024-03-27 20:53:00,Customer service was unhelpful and rude.,NEGATIVE,0.68
2024-11-29 23:14:00,One star for the terrible support team.,NEGATIVE,0.76
2024-12-18 10:11:00,"The product was okay, nothing extraordinary.",NEUTRAL,0.79
2024-05-08 14:49:00,One star for the terrible support team.,NEGATIVE,0.81
2024-04-08 23:07:00,"An average product, nothing to rave about.",NEUTRAL,0.85
2024-11-10 15:27:00,"Horrible service, needs improvement.",NEGATIVE,0.66
2024-02-12 06:53:00,This is the worst purchase I've made this year.,NEGATIVE,0.85
2024-07-31 14:28:00,Unacceptable experience overall.,NEGATIVE,0.67
2024-07-14 17:21:00,I will definitely recommend this to others.,POSITIVE,0.9
2024-11-07 22:51:00,Nothing special about this product.,NEUTRAL,0.75
2024-10-10 15:09:00,"Average experience, not bad but not great.",NEUTRAL,0.9
2024-05-07 03:30:00,"I might consider buying again, not sure.",NEUTRAL,0.87
2024-08-31 23:10:00,"Top-notch, I'm very satisfied.",POSITIVE,0.88
2024-09-18 14:16:00,"Horrible service, needs improvement.",NEGATIVE,0.8
2024-05-21 07:56:00,Unacceptable experience overall.,NEGATIVE,0.69
2024-12-30 05:21:00,"Customer service was fantastic, very helpful.",POSITIVE,0.97
2024-12-10 09:16:00,"Terrible experience, I want a refund.",NEGATIVE,0.69
2024-06-29 22:00:00,This product did not meet my expectations.,NEGATIVE,0.72
2024-09-07 22:55:00,Superb quality and value for money.,POSITIVE,0.93
2024-08-30 10:48:00,Unacceptable experience overall.,NEGATIVE,0.79
2024-02-28 17:13:00,"Terrible experience, I want a refund.",NEGATIVE,0.76
2024-07-13 01:26:00,"Top-notch, I'm very satisfied.",POSITIVE,0.86
2024-09-22 06:53:00,I'm so happy with this!,POSITIVE,0.89
2024-09-19 07:06:00,"Amazing experience, I loved every bit of it.",POSITIVE,0.98
2024-07-26 08:34:00,I will definitely recommend this to others.,POSITIVE,0.93
2024-11-23 20:24:00,"Terrible experience, I want a refund.",NEGATIVE,0.8
2024-09-04 19:43:00,Nothing special about this product.,NEUTRAL,0.83
2024-05-16 07:03:00,"Amazing experience, I loved every bit of it.",POSITIVE,0.87
2024-08-12 07:56:00,"An average product, nothing to rave about.",NEUTRAL,0.86
2024-12-19 08:53:00,"The service was acceptable, nothing more.",NEUTRAL,0.76
2024-03-30 14:15:00,"Customer service was fantastic, very helpful.",POSITIVE,0.94
2024-06-06 05:45:00,Unacceptable experience overall.,NEGATIVE,0.73
2024-11-26 13:24:00,Nothing special about this product.,NEUTRAL,0.8
2024-04-26 20:32:00,I'm so happy with this!,POSITIVE,0.9
2024-03-25 03:12:00,"Customer service was fantastic, very helpful.",POSITIVE,0.86
2024-06-06 02:11:00,"An average product, nothing to rave about.",NEUTRAL,0.89
2024-07-27 12:32:00,This is the best purchase I've made this year.,POSITIVE,0.88
2024-09-26 03:20:00,Nothing special about this product.,NEUTRAL,0.76
2024-01-06 20:35:00,I will definitely recommend this to others.,POSITIVE,0.9
2024-08-12 02:18:00,Superb quality and value for money.,POSITIVE,0.98
2024-11-30 09:52:00,"It's fine, does the job.",NEUTRAL,0.78
2024-08-24 19:43:00,This is the best purchase I've made this year.,POSITIVE,0.89
2024-04-19 08:06:00,This purchase was neither good nor bad.,NEUTRAL,0.8
2024-05-20 10:40:00,I'm very disappointed with this.,NEGATIVE,0.81
2024-04-08 07:33:00,"Average experience, not bad but not great.",NEUTRAL,0.77
2024-07-07 17:06:00,I'm very disappointed with this.,NEGATIVE,0.75
2024-07-14 20:46:00,Five stars for the excellent support team!,POSITIVE,0.93
2024-11-05 17:53:00,"Average experience, not bad but not great.",NEUTRAL,0.85
2024-08-28 04:37:00,One star for the terrible support team.,NEGATIVE,0.68
2024-11-02 23:10:00,"Customer service was decent, could be better.",NEUTRAL,0.86
2024-10-31 11:59:00,This is the best purchase I've made this year.,POSITIVE,0.97
2024-02-04 04:01:00,This is the best purchase I've made this year.,POSITIVE,0.97
2024-03-20 00:32:00,Customer service was unhelpful and rude.,NEGATIVE,0.69
2024-04-16 06:32:00,"Top-notch, I'm very satisfied.",POSITIVE,0.98
2024-03-06 21:18:00,"The service was acceptable, nothing more.",NEUTRAL,0.76
2024-05-01 23:42:00,"Neutral experience, met basic expectations.",NEUTRAL,0.87
2024-10-08 21:33:00,"I might consider buying again, not sure.",NEUTRAL,0.76
2024-11-16 22:51:00,"Customer service was decent, could be better.",NEUTRAL,0.84
2024-02-18 03:07:00,"An average product, nothing to rave about.",NEUTRAL,0.75
2024-06-14 14:57:00,"Brilliant service, keep up the good work!",POSITIVE,0.89
2024-12-14 11:59:00,"Poor quality, not worth the money.",NEGATIVE,0.72
2024-04-07 01:18:00,Nothing special about this product.,NEUTRAL,0.86
2024-02-20 12:11:00,Customer service was unhelpful and rude.,NEGATIVE,0.74
2024-01-04 22:07:00,"Terrible experience, I want a refund.",NEGATIVE,0.83
2024-05-08 12:20:00,"Poor quality, not worth the money.",NEGATIVE,0.66
2024-12-19 06:28:00,"An average product, nothing to rave about.",NEUTRAL,0.87
2024-07-30 18:15:00,One star for the terrible support team.,NEGATIVE,0.72
2024-01-02 03:23:00,"An average product, nothing to rave about.",NEUTRAL,0.84
2024-05-10 12:38:00,"I might consider buying again, not sure.",NEUTRAL,0.83
2024-05-19 13:08:00,"Neutral experience, met basic expectations.",NEUTRAL,0.81
2024-10-24 05:50:00,"The service was acceptable, nothing more.",NEUTRAL,0.81
2024-08-30 04:28:00,I will definitely recommend this to others.,POSITIVE,0.98
2024-03-01 07:02:00,"I might consider buying again, not sure.",NEUTRAL,0.79
2024-11-11 12:12:00,"I might consider buying again, not sure.",NEUTRAL,0.75
2024-04-19 08:54:00,The product exceeded my expectations!,POSITIVE,0.93
2024-11-22 05:39:00,"Customer service was decent, could be better.",NEUTRAL,0.77
2024-02-11 13:12:00,This is the worst purchase I've made this year.,NEGATIVE,0.81
2024-08-08 02:11:00,I'm so happy with this!,POSITIVE,0.92
2024-02-23 18:00:00,I will definitely recommend this to others.,POSITIVE,0.97
2024-09-11 10:19:00,"Neutral experience, met basic expectations.",NEUTRAL,0.89
2024-04-11 06:41:00,Superb quality and value for money.,POSITIVE,0.98
2024-03-28 17:43:00,I'm so happy with this!,POSITIVE,0.94
2024-05-03 05:55:00,This product did not meet my expectations.,NEGATIVE,0.82
2024-01-27 10:03:00,"Poor quality, not worth the money.",NEGATIVE,0.67
2024-10-10 09:01:00,"It's fine, does the job.",NEUTRAL,0.8
2024-08-13 20:34:00,"Customer service was decent, could be better.",NEUTRAL,0.75
2024-07-01 06:47:00,"Top-notch, I'm very satisfied.",POSITIVE,0.92
2024-06-28 06:02:00,"Horrible service, needs improvement.",NEGATIVE,0.66
2024-11-06 05:33:00,"The service was acceptable, nothing more.",NEUTRAL,0.81
2024-09-25 08:25:00,This is the worst purchase I've made this year.,NEGATIVE,0.68
2024-08-12 16:04:00,I'm very disappointed with this.,NEGATIVE,0.75
2024-03-18 08:27:00,"I might consider buying again, not sure.",NEUTRAL,0.88
2024-10-08 01:07:00,Five stars for the excellent support team!,POSITIVE,0.93
2024-07-26 01:04:00,One star for the terrible support team.,NEGATIVE,0.84
2024-01-17 14:17:00,"Amazing experience, I loved every bit of it.",POSITIVE,0.94
2024-03-16 05:28:00,"I might consider buying again, not sure.",NEUTRAL,0.77
2024-01-30 04:22:00,"Horrible service, needs improvement.",NEGATIVE,0.79
2024-10-30 23:16:00,"Horrible service, needs improvement.",NEGATIVE,0.78
2024-08-14 23:12:00,"Brilliant service, keep up the good work!",POSITIVE,0.94
2024-05-11 02:40:00,"The product was okay, nothing extraordinary.",NEUTRAL,0.83
2024-08-30 04:52:00,The product exceeded my expectations!,POSITIVE,0.96
2024-01-31 15:50:00,This purchase was neither good nor bad.,NEUTRAL,0.76
2024-10-02 16:56:00,"Neutral experience, met basic expectations.",NEUTRAL,0.85
2024-02-27 02:18:00,Nothing special about this product.,NEUTRAL,0.76
2024-06-25 21:27:00,Customer service was unhelpful and rude.,NEGATIVE,0.69
2024-10-25 18:20:00,I will definitely recommend this to others.,POSITIVE,0.87
2024-04-04 05:22:00,"Amazing experience, I loved every bit of it.",POSITIVE,0.85
2024-11-17 17:10:00,I'm so happy with this!,POSITIVE,0.94
2024-06-12 16:43:00,One star for the terrible support team.,NEGATIVE,0.66
2024-06-04 02:14:00,I will never buy from this company again.,NEGATIVE,0.66
2024-10-07 22:59:00,Customer service was unhelpful and rude.,NEGATIVE,0.67
2024-11-14 20:26:00,Unacceptable experience overall.,NEGATIVE,0.79
2024-04-10 18:45:00,This is the worst purchase I've made this year.,NEGATIVE,0.83
2024-02-08 04:45:00,"Customer service was decent, could be better.",NEUTRAL,0.76
2024-06-26 15:41:00,"Average experience, not bad but not great.",NEUTRAL,0.86
2024-11-11 12:43:00,Nothing special about this product.,NEUTRAL,0.88
2024-11-03 01:46:00,"Customer service was decent, could be better.",NEUTRAL,0.81
2024-03-27 12:39:00,I'm very disappointed with this.,NEGATIVE,0.82
2024-05-01 17:42:00,"Top-notch, I'm very satisfied.",POSITIVE,0.89
2024-03-18 11:12:00,I'm very disappointed with this.,NEGATIVE,0.83
2024-04-05 12:57:00,"It's fine, does the job.",NEUTRAL,0.77
2024-08-11 18:54:00,The product exceeded my expectations!,POSITIVE,0.86
2024-10-22 03:15:00,"Top-notch, I'm very satisfied.",POSITIVE,0.91
2024-11-07 20:49:00,"It's fine, does the job.",NEUTRAL,0.81
2024-04-03 15:36:00,The product exceeded my expectations!,POSITIVE,0.98
2024-07-22 11:33:00,"The product was okay, nothing extraordinary.",NEUTRAL,0.76
2024-07-13 14:21:00,"The service was acceptable, nothing more.",NEUTRAL,0.85
2024-03-13 07:21:00,"Terrible experience, I want a refund.",NEGATIVE,0.84
2024-10-19 01:37:00,"Poor quality, not worth the money.",NEGATIVE,0.75
2024-09-10 12:43:00,"Top-notch, I'm very satisfied.",POSITIVE,0.94
2024-11-01 16:23:00,Unacceptable experience overall.,NEGATIVE,0.74
2024-03-07 11:02:00,"Average experience, not bad but not great.",NEUTRAL,0.79
2024-02-25 16:20:00,Nothing special about this product.,NEUTRAL,0.9
2024-08-24 06:26:00,"Amazing experience, I loved every bit of it.",POSITIVE,0.98
2024-01-25 16:14:00,"An average product, nothing to rave about.",NEUTRAL,0.89
2024-01-26 12:24:00,"Average experience, not bad but not great.",NEUTRAL,0.78
2024-03-02 04:38:00,"I might consider buying again, not sure.",NEUTRAL,0.87
2024-02-12 11:05:00,"Average experience, not bad but not great.",NEUTRAL,0.76
2024-09-19 08:39:00,Superb quality and value for money.,POSITIVE,0.94
2024-03-13 13:47:00,"An average product, nothing to rave about.",NEUTRAL,0.78
2024-01-15 23:54:00,Nothing special about this product.,NEUTRAL,0.85
2024-12-21 05:26:00,"Poor quality, not worth the money.",NEGATIVE,0.82
2024-02-24 18:37:00,"Terrible experience, I want a refund.",NEGATIVE,0.84
2024-02-14 08:45:00,I will never buy from this company again.,NEGATIVE,0.76
2024-07-05 10:44:00,"Top-notch, I'm very satisfied.",POSITIVE,0.89
2024-06-17 07:43:00,I will never buy from this company again.,NEGATIVE,0.84
2024-05-18 05:30:00,Five stars for the excellent support team!,POSITIVE,0.94
2024-06-22 08:16:00,"Brilliant service, keep up the good work!",POSITIVE,0.88
2024-06-15 12:26:00,"Customer service was fantastic, very helpful.",POSITIVE,0.9
2024-03-02 06:01:00,I'm so happy with this!,POSITIVE,0.91
2024-02-03 09:37:00,"Customer service was decent, could be better.",NEUTRAL,0.87
2024-01-20 15:50:00,"Terrible experience, I want a refund.",NEGATIVE,0.7
2024-07-04 00:36:00,"Neutral experience, met basic expectations.",NEUTRAL,0.84
2024-07-15 23:33:00,"Amazing experience, I loved every bit of it.",POSITIVE,0.91
2024-11-21 13:55:00,"It's fine, does the job.",NEUTRAL,0.83
2024-01-27 09:15:00,I will definitely recommend this to others.,POSITIVE,0.9
2024-07-23 14:29:00,The product exceeded my expectations!,POSITIVE,0.92
2024-05-18 11:04:00,Nothing special about this product.,NEUTRAL,0.85
2024-07-09 05:11:00,"An average product, nothing to rave about.",NEUTRAL,0.81
2024-06-29 01:32:00,Customer service was unhelpful and rude.,NEGATIVE,0.74
2024-08-26 06:33:00,I'm so happy with this!,POSITIVE,0.98
2024-06-05 10:10:00,This is the worst purchase I've made this year.,NEGATIVE,0.78
2024-02-03 04:19:00,This purchase was neither good nor bad.,NEUTRAL,0.78
2024-02-01 23:31:00,One star for the terrible support team.,NEGATIVE,0.73
2024-03-11 09:33:00,"Amazing experience, I loved every bit of it.",POSITIVE,0.91
2024-07-21 04:56:00,The product exceeded my expectations!,POSITIVE,0.96
2024-01-06 23:30:00,"The service was acceptable, nothing more.",NEUTRAL,0.81
2024-08-15 16:30:00,I'm so happy with this!,POSITIVE,0.99
2024-02-21 00:31:00,I will never buy from this company again.,NEGATIVE,0.78
2024-05-23 11:46:00,"Customer service was fantastic, very helpful.",POSITIVE,0.96
2024-06-11 23:40:00,Nothing special about this product.,NEUTRAL,0.75
2024-04-03 00:21:00,I will never buy from this company again.,NEGATIVE,0.74
2024-07-04 09:40:00,I will never buy from this company again.,NEGATIVE,0.66
2024-07-04 03:56:00,Superb quality and value for money.,POSITIVE,0.89
2024-07-23 03:30:00,I'm so happy with this!,POSITIVE,0.89
2024-04-03 11:11:00,"Customer service was fantastic, very helpful.",POSITIVE,0.9
2024-10-02 00:58:00,This is the best purchase I've made this year.,POSITIVE,0.93
2024-08-09 23:04:00,I will definitely recommend this to others.,POSITIVE,0.9
2024-10-20 00:02:00,This is the best purchase I've made this year.,POSITIVE,0.94
2024-10-22 22:42:00,"Brilliant service, keep up the good work!",POSITIVE,0.9
2024-02-10 07:15:00,I'm so happy with this!,POSITIVE,0.86
2024-01-06 02:19:00,I'm so happy with this!,POSITIVE,0.98
2024-12-30 21:30:00,One star for the terrible support team.,NEGATIVE,0.66
2024-04-01 03:01:00,"The product was okay, nothing extraordinary.",NEUTRAL,0.76
2024-06-26 19:02:00,"Neutral experience, met basic expectations.",NEUTRAL,0.84
2024-01-04 03:35:00,"Neutral experience, met basic expectations.",NEUTRAL,0.83
2024-06-29 05:04:00,"Neutral experience, met basic expectations.",NEUTRAL,0.86
2024-09-02 17:48:00,"Poor quality, not worth the money.",NEGATIVE,0.8
2024-07-01 02:31:00,"The product was okay, nothing extraordinary.",NEUTRAL,0.79
2024-01-26 17:28:00,This is the worst purchase I've made this year.,NEGATIVE,0.78
2024-08-30 14:53:00,Five stars for the excellent support team!,POSITIVE,0.97
2024-09-06 01:31:00,One star for the terrible support team.,NEGATIVE,0.75
2024-08-14 19:35:00,"The product was okay, nothing extraordinary.",NEUTRAL,0.85
2024-04-15 21:10:00,Five stars for the excellent support team!,POSITIVE,0.9
2024-02-11 21:53:00,"Brilliant service, keep up the good work!",POSITIVE,0.87
2024-08-07 19:17:00,"Neutral experience, met basic expectations.",NEUTRAL,0.79
2024-01-23 11:16:00,Unacceptable experience overall.,NEGATIVE,0.83
2024-10-31 05:31:00,"Poor quality, not worth the money.",NEGATIVE,0.67
2024-11-10 08:10:00,I'm very disappointed with this.,NEGATIVE,0.76
2024-02-26 07:26:00,"Neutral experience, met basic expectations.",NEUTRAL,0.83
2024-08-19 12:06:00,One star for the terrible support team.,NEGATIVE,0.82
2024-11-04 06:52:00,"The product was okay, nothing extraordinary.",NEUTRAL,0.84
2024-08-25 00:48:00,This purchase was neither good nor bad.,NEUTRAL,0.9
2024-06-30 02:06:00,Superb quality and value for money.,POSITIVE,0.87
2024-07-02 04:29:00,"It's fine, does the job.",NEUTRAL,0.76
2024-03-14 13:06:00,"Horrible service, needs improvement.",NEGATIVE,0.67
2024-01-05 00:19:00,I'm very disappointed with this.,NEGATIVE,0.67
2024-09-04 23:19:00,"Terrible experience, I want a refund.",NEGATIVE,0.68
2024-01-22 11:42:00,This purchase was neither good nor bad.,NEUTRAL,0.88
2024-06-10 06:22:00,"It's fine, does the job.",NEUTRAL,0.83
2024-07-18 06:02:00,Nothing special about this product.,NEUTRAL,0.82
2024-07-29 08:11:00,"Horrible service, needs improvement.",NEGATIVE,0.73
2024-10-09 05:35:00,This is the best purchase I've made this year.,POSITIVE,0.88
